1,Tamiya,Tamiya 81001 X1,X1,000000,Black,Acrylic,Gloss
2,Tamiya,Tamiya 81002 X2,X2,FFFFFF,White,Acrylic,Gloss
3,Tamiya,Tamiya 81003 X3,X3,1E2D54,Royal Blue,Acrylic,Gloss
4,Tamiya,Tamiya 81004 X4,X4,09337B,Blue,Acrylic,Gloss
5,Tamiya,Tamiya 81005 X5,X5,00441B,Green,Acrylic,Gloss
6,Tamiya,Tamiya 81006 X6,X6,FF7F00,Orange,Acrylic,Gloss
7,Tamiya,Tamiya 81007 X7,X7,FD0000,Red,Acrylic,Gloss
8,Tamiya,Tamiya 81008 X8,X8,FDE601,Lemon Yellow,Acrylic,Gloss
9,Tamiya,Tamiya 81009 X9,X9,4E2207,Brown,Acrylic,Gloss
10,Tamiya,Tamiya 81010 X10,X10,505558,Gun Metal,Acrylic,Gloss
11,Tamiya,Tamiya 81011 X11,X11,C2C7C8,Chrome Silver,Acrylic,Gloss
12,Tamiya,Tamiya 81012 X12,X12,CDA108,Gold Leaf,Acrylic,Gloss
13,Tamiya,Tamiya 81013 X13,X13,1E7497,Metallic blue,Acrylic,Gloss
14,Tamiya,Tamiya 81014 X14,X14,1E99C3,Sky Blue,Acrylic,Gloss
15,Tamiya,Tamiya 81015 X15,X15,65B820,Light Green,Acrylic,Gloss
16,Tamiya,Tamiya 81016 X16,X16,464A9F,Purple,Acrylic,Gloss
17,Tamiya,Tamiya 81017 X17,X17,F881AB,Pink,Acrylic,Gloss
18,Tamiya,Tamiya 81018 X18,X18,333333,Semi Gloss Black,Acrylic,Gloss
19,Tamiya,Tamiya 81019 X19,X19,8F918B,Smoke,Acrylic,Gloss
20,Tamiya,Tamiya 81021 X21,X21,FFFFFF,Flat Base,Acrylic,Gloss
21,Tamiya,Tamiya 81022 X22,X22,FFFFFF,Clear,Acrylic,Gloss
22,Tamiya,Tamiya 81023 X23,X23,33B3D0,Clear blue,Acrylic,Gloss
23,Tamiya,Tamiya 81024 X24,X24,FEE600,Clear Yellow,Acrylic,Gloss
24,Tamiya,Tamiya 81025 X25,X25,199640,Clear Green,Acrylic,Gloss
25,Tamiya,Tamiya 81026 X26,X26,FE8B14,Clear Orange,Acrylic,Gloss
26,Tamiya,Tamiya 81027 X27,X27,FA0026,Clear Red,Acrylic,Gloss
27,Tamiya,Tamiya 81028 X28,X28,33A34D,Park Green,Acrylic,Gloss
28,Tamiya,Tamiya 81031 X31,X31,CBBA72,Titanium Gold,Acrylic,Gloss
29,Tamiya,Tamiya 81032 X32,X32,CDCCB8,Titanium Silver,Acrylic,Gloss
30,Tamiya,Tamiya 81033 X33,X33,672622,Bronze,Acrylic,Gloss
31,Tamiya,Tamiya 81034 X34,X34,993E05,Metallic brown,Acrylic,Gloss
32,Tamiya,Tamiya 81301 XF1,XF1,333333,Flat Black,Acrylic,Matt
33,Tamiya,Tamiya 81302 XF2,XF2,FFFFFF,Flat White,Acrylic,Matt
34,Tamiya,Tamiya 81303 XF3,XF3,FFCC00,Flat Yellow,Acrylic,Matt
35,Tamiya,Tamiya 81304 XF4,XF4,B2C60F,Yellow Green,Acrylic,Matt
36,Tamiya,Tamiya 81305 XF5,XF5,224311,Flat Green,Acrylic,Matt
37,Tamiya,Tamiya 81306 XF6,XF6,CB5C03,Copper,Acrylic,Matt
38,Tamiya,Tamiya 81307 XF7,XF7,FD0000,Flat Red,Acrylic,Matt
39,Tamiya,Tamiya 81308 XF8,XF8,284C7C,Flat Blue,Acrylic,Matt
40,Tamiya,Tamiya 81309 XF9,XF9,3E0E02,Hull Red,Acrylic,Matt
41,Tamiya,Tamiya 81310 XF10,XF10,3E2A09,Flat Brown,Acrylic,Matt
42,Tamiya,Tamiya 81311 XF11,XF11,26300B,J.N. Green,Acrylic,Matt
43,Tamiya,Tamiya 81312 XF12,XF12,B3CCAF,J.N. Grey,Acrylic,Matt
44,Tamiya,Tamiya 81313 XF13,XF13,334A1E,J.A. Green,Acrylic,Matt
45,Tamiya,Tamiya 81314 XF14,XF14,B2CA8E,J.A. Grey,Acrylic,Matt
46,Tamiya,Tamiya 81315 XF15,XF15,FDCCA1,Flat Flesh,Acrylic,Matt
47,Tamiya,Tamiya 81316 XF16,XF16,CCCCCC,Flat Aluminium,Acrylic,Matt
48,Tamiya,Tamiya 81317 XF17,XF17,2E3B43,Sea Blue,Acrylic,Matt
49,Tamiya,Tamiya 81318 XF18,XF18,485B5F,Medium Blue,Acrylic,Matt
50,Tamiya,Tamiya 81319 XF19,XF19,ADB7C0,Sky Grey,Acrylic,Matt
51,Tamiya,Tamiya 81320 XF20,XF20,A3AB96,Medium Grey,Acrylic,Matt
52,Tamiya,Tamiya 81321 XF21,XF21,B8BE78,Sky,Acrylic,Matt
53,Tamiya,Tamiya 81322 XF22,XF22,7B8D7D,RLM Grey,Acrylic,Matt
54,Tamiya,Tamiya 81323 XF23,XF23,90B5AD,Light Blue,Acrylic,Matt
55,Tamiya,Tamiya 81324 XF24,XF24,3F4448,Dark Grey,Acrylic,Matt
56,Tamiya,Tamiya 81325 XF25,XF25,7A8BA9,Light Sea Grey,Acrylic,Matt
57,Tamiya,Tamiya 81326 XF26,XF26,2E1F08,Deep Green,Acrylic,Matt
58,Tamiya,Tamiya 81327 XF27,XF27,00260F,Black Green,Acrylic,Matt
59,Tamiya,Tamiya 81328 XF28,XF28,985F39,Dark Copper,Acrylic,Matt
60,Tamiya,Tamiya 81349 XF49,XF49,7E773D,Khaki,Acrylic,Matt
61,Tamiya,Tamiya 81350 XF50,XF50,364145,Field Blue,Acrylic,Matt
62,Tamiya,Tamiya 81351 XF51,XF51,29320D,Khaki Drab,Acrylic,Matt
63,Tamiya,Tamiya 81352 XF52,XF52,734835,Flat Earth,Acrylic,Matt
64,Tamiya,Tamiya 81353 XF53,XF53,6D787C,Neutral Grey,Acrylic,Matt
65,Tamiya,Tamiya 81354 XF54,XF54,5C5D61,Dark Sea Grey,Acrylic,Matt
66,Tamiya,Tamiya 81355 XF55,XF55,B6B187,Deck Tan,Acrylic,Matt
67,Tamiya,Tamiya 81356 XF56,XF56,5C6164,Metallic Grey,Acrylic,Matt
68,Tamiya,Tamiya 81357 XF57,XF57,B7B36A,Buff,Acrylic,Matt
69,Tamiya,Tamiya 81358 XF58,XF58,1B3B14,Olive Green,Acrylic,Matt
70,Tamiya,Tamiya 81359 XF59,XF59,D89D43,Desert Yellow,Acrylic,Matt
71,Tamiya,Tamiya 81360 XF60,XF60,C6B141,Dark Yellow,Acrylic,Matt
72,Tamiya,Tamiya 81361 XF61,XF61,1A2C0F,Dark Green,Acrylic,Matt
73,Tamiya,Tamiya 81362 XF62,XF62,404A13,Olive Drab,Acrylic,Matt
74,Tamiya,Tamiya 81363 XF63,XF63,3E484A,German Grey,Acrylic,Matt
75,Tamiya,Tamiya 81364 XF64,XF64,66370B,Red Brown,Acrylic,Matt
76,Tamiya,Tamiya 81365 XF65,XF65,68856B,Field Green,Acrylic,Matt
77,Tamiya,Tamiya 81366 XF66,XF66,677679,Light Grey,Acrylic,Matt
78,Tamiya,Tamiya 81367 XF67,XF67,326019,Nato Green,Acrylic,Matt
79,Tamiya,Tamiya 81368 XF68,XF68,732F07,Nato Brown,Acrylic,Matt
80,Tamiya,Tamiya 81369 XF69,XF69,222423,Nato Black,Acrylic,Matt
81,Tamiya,Tamiya 81370 XF70,XF70,00250E,Dark Green,Acrylic,Matt
82,Tamiya,Tamiya 81371 XF71,XF71,74925E,Cockpit Green,Acrylic,Matt
83,Tamiya,Tamiya 80001 X1,X1,000000,Black,Enamel,Gloss
84,Tamiya,Tamiya 80002 X2,X2,FFFFFF,White,Enamel,Gloss
85,Tamiya,Tamiya 80003 X3,X3,1E2D54,Royal Blue,Enamel,Gloss
86,Tamiya,Tamiya 80004 X4,X4,09337B,Blue,Enamel,Gloss
87,Tamiya,Tamiya 80005 X5,X5,00441B,Green,Enamel,Gloss
88,Tamiya,Tamiya 80006 X6,X6,FF7F00,Orange,Enamel,Gloss
89,Tamiya,Tamiya 80007 X7,X7,FD0000,Red,Enamel,Gloss
90,Tamiya,Tamiya 80008 X8,X8,FDE601,Lemon Yellow,Enamel,Gloss
91,Tamiya,Tamiya 80009 X9,X9,4E2207,Brown,Enamel,Gloss
92,Tamiya,Tamiya 80010 X10,X10,505558,Gun Metal,Enamel,Gloss
93,Tamiya,Tamiya 80011 X11,X11,C2C7C8,Chrome Silver,Enamel,Gloss
94,Tamiya,Tamiya 80012 X12,X12,CDA108,Gold Leaf,Enamel,Gloss
95,Tamiya,Tamiya 80013 X13,X13,1E7497,Metallic blue,Enamel,Gloss
96,Tamiya,Tamiya 80014 X14,X14,1E99C3,Sky Blue,Enamel,Gloss
97,Tamiya,Tamiya 80015 X15,X15,65B820,Light Green,Enamel,Gloss
98,Tamiya,Tamiya 80016 X16,X16,464A9F,Purple,Enamel,Gloss
99,Tamiya,Tamiya 80017 X17,X17,F881AB,Pink,Enamel,Gloss
100,Tamiya,Tamiya 80018 X18,X18,333333,Semi Gloss Black,Enamel,Gloss
101,Tamiya,Tamiya 80019 X19,X19,8F918B,Smoke,Enamel,Gloss
102,Tamiya,Tamiya 80021 X21,X21,FFFFFF,Flat Base,Enamel,Gloss
103,Tamiya,Tamiya 80022 X22,X22,FFFFFF,Clear,Enamel,Gloss
104,Tamiya,Tamiya 80023 X23,X23,33B3D0,Clear blue,Enamel,Gloss
105,Tamiya,Tamiya 80024 X24,X24,FEE600,Clear Yellow,Enamel,Gloss
106,Tamiya,Tamiya 80025 X25,X25,199640,Clear Green,Enamel,Gloss
107,Tamiya,Tamiya 80026 X26,X26,FE8B14,Clear Orange,Enamel,Gloss
108,Tamiya,Tamiya 80027 X27,X27,FA0026,Clear Red,Enamel,Gloss
109,Tamiya,Tamiya 80028 X28,X28,33A34D,Park Green,Enamel,Gloss
110,Tamiya,Tamiya 80031 X31,X31,CBBA72,Titanium Gold,Enamel,Gloss
111,Tamiya,Tamiya 80032 X32,X32,CDCCB8,Titanium Silver,Enamel,Gloss
112,Tamiya,Tamiya 80033 X33,X33,672622,Bronze,Enamel,Gloss
113,Tamiya,Tamiya 80034 X34,X34,993E05,Metallic brown,Enamel,Gloss
114,Tamiya,Tamiya 80301 XF1,XF1,333333,Flat Black,Enamel,Matt
115,Tamiya,Tamiya 80302 XF2,XF2,FFFFFF,Flat White,Enamel,Matt
116,Tamiya,Tamiya 80303 XF3,XF3,FFCC00,Flat Yellow,Enamel,Matt
117,Tamiya,Tamiya 80304 XF4,XF4,B2C60F,Yellow Green,Enamel,Matt
118,Tamiya,Tamiya 80305 XF5,XF5,224311,Flat Green,Enamel,Matt
119,Tamiya,Tamiya 80306 XF6,XF6,CB5C03,Copper,Enamel,Matt
120,Tamiya,Tamiya 80307 XF7,XF7,FD0000,Flat Red,Enamel,Matt
121,Tamiya,Tamiya 80308 XF8,XF8,284C7C,Flat Blue,Enamel,Matt
122,Tamiya,Tamiya 80309 XF9,XF9,3E0E02,Hull Red,Enamel,Matt
123,Tamiya,Tamiya 80310 XF10,XF10,3E2A09,Flat Brown,Enamel,Matt
124,Tamiya,Tamiya 80311 XF11,XF11,26300B,J.N. Green,Enamel,Matt
125,Tamiya,Tamiya 80312 XF12,XF12,B3CCAF,J.N. Grey,Enamel,Matt
126,Tamiya,Tamiya 80313 XF13,XF13,334A1E,J.A. Green,Enamel,Matt
127,Tamiya,Tamiya 80314 XF14,XF14,B2CA8E,J.A. Grey,Enamel,Matt
128,Tamiya,Tamiya 80315 XF15,XF15,FDCCA1,Flat Flesh,Enamel,Matt
129,Tamiya,Tamiya 80316 XF16,XF16,CCCCCC,Flat Aluminium,Enamel,Matt
130,Tamiya,Tamiya 80317 XF17,XF17,2E3B43,Sea Blue,Enamel,Matt
131,Tamiya,Tamiya 80318 XF18,XF18,485B5F,Medium Blue,Enamel,Matt
132,Tamiya,Tamiya 80319 XF19,XF19,ADB7C0,Sky Grey,Enamel,Matt
133,Tamiya,Tamiya 80320 XF20,XF20,A3AB96,Medium Grey,Enamel,Matt
134,Tamiya,Tamiya 80321 XF21,XF21,B8BE78,Sky,Enamel,Matt
135,Tamiya,Tamiya 80322 XF22,XF22,7B8D7D,RLM Grey,Enamel,Matt
136,Tamiya,Tamiya 80323 XF23,XF23,90B5AD,Light Blue,Enamel,Matt
137,Tamiya,Tamiya 80324 XF24,XF24,3F4448,Dark Grey,Enamel,Matt
138,Tamiya,Tamiya 80325 XF25,XF25,7A8BA9,Light Sea Grey,Enamel,Matt
139,Tamiya,Tamiya 80326 XF26,XF26,2E1F08,Deep Green,Enamel,Matt
140,Tamiya,Tamiya 80327 XF27,XF27,00260F,Black Green,Enamel,Matt
141,Tamiya,Tamiya 80328 XF28,XF28,985F39,Dark Copper,Enamel,Matt
142,Tamiya,Tamiya 80349 XF49,XF49,7E773D,Khaki,Enamel,Matt
143,Tamiya,Tamiya 80350 XF50,XF50,364145,Field Blue,Enamel,Matt
144,Tamiya,Tamiya 80351 XF51,XF51,29320D,Khaki Drab,Enamel,Matt
145,Tamiya,Tamiya 80352 XF52,XF52,734835,Flat Earth,Enamel,Matt
146,Tamiya,Tamiya 80353 XF53,XF53,6D787C,Neutral Grey,Enamel,Matt
147,Tamiya,Tamiya 80354 XF54,XF54,5C5D61,Dark Sea Grey,Enamel,Matt
148,Tamiya,Tamiya 80355 XF55,XF55,B6B187,Deck Tan,Enamel,Matt
149,Tamiya,Tamiya 80356 XF56,XF56,5C6164,Metallic Grey,Enamel,Matt
150,Tamiya,Tamiya 80357 XF57,XF57,B7B36A,Buff,Enamel,Matt
151,Tamiya,Tamiya 80358 XF58,XF58,1B3B14,Olive Green,Enamel,Matt
152,Tamiya,Tamiya 80359 XF59,XF59,D89D43,Desert Yellow,Enamel,Matt
153,Tamiya,Tamiya 80360 XF60,XF60,C6B141,Dark Yellow,Enamel,Matt
154,Tamiya,Tamiya 80361 XF61,XF61,1A2C0F,Dark Green,Enamel,Matt
155,Tamiya,Tamiya 80362 XF62,XF62,404A13,Olive Drab,Enamel,Matt
156,Tamiya,Tamiya 80363 XF63,XF63,3E484A,German Grey,Enamel,Matt
157,Tamiya,Tamiya 80364 XF64,XF64,66370B,Red Brown,Enamel,Matt
158,Tamiya,Tamiya 80365 XF65,XF65,68856B,Field Green,Enamel,Matt
159,Tamiya,Tamiya 80366 XF66,XF66,677679,Light Grey,Enamel,Matt
160,Tamiya,Tamiya 80367 XF67,XF67,326019,Nato Green,Enamel,Matt
161,Tamiya,Tamiya 80368 XF68,XF68,732F07,Nato Brown,Enamel,Matt
162,Tamiya,Tamiya 80369 XF69,XF69,222423,Nato Black,Enamel,Matt
163,Tamiya,Tamiya 80370 XF70,XF70,00250E,Dark Green,Enamel,Matt
164,Tamiya,Tamiya 80371 XF71,XF71,74925E,Cockpit Green,Enamel,Matt
165,Tamiya,Tamiya 85301 MS-1,MS-1,E7A418,Bright Gold,Spray can,Gloss
166,Tamiya,Tamiya 85302 MS-2,MS-2,949494,Bright Silver,Spray can,Gloss
167,Tamiya,Tamiya 85303 MS-3,MS-3,ED1806,Bright Red,Spray can,Gloss
168,Tamiya,Tamiya 85304 MS-4,MS-4,3B5ACF,Mach Blue,Spray can,Gloss
169,Tamiya,Tamiya 85305 MS-5,MS-5,4C4C4C,Metallic Gray,Spray can,Gloss
170,Tamiya,Tamiya 85306 MS-6,MS-6,4429D0,Metallic Purple,Spray can,Gloss
171,Tamiya,Tamiya 85307 MS-7,MS-7,FFFFFF,Super White,Spray can,Gloss
172,Tamiya,Tamiya 85308 MS-8,MS-8,F43101,Fluorescent Red,Spray can,Gloss
173,Tamiya,Tamiya 85309 MS-9,MS-9,FE6321,Fluorescent Orange,Spray can,Gloss
174,Tamiya,Tamiya 85310 MS-10,MS-10,F8E618,Fluorescent Yellow,Spray can,Gloss
175,Tamiya,Tamiya 85311 MS-11,MS-11,79D82A,Fluorescent Green,Spray can,Gloss
176,Tamiya,Tamiya 85312 MS-12,MS-12,FF21F8,Fluorescent Pink,Spray can,Gloss
177,Tamiya,Tamiya 86501 AS1,AS1,103914,Dark Green,Spray can,Matt
178,Tamiya,Tamiya 86502 AS2,AS2,A3AB96,Light Gray,Spray can,Matt
179,Tamiya,Tamiya 86503 AS3,AS3,243A2E,Gray Green,Spray can,Matt
180,Tamiya,Tamiya 86504 AS4,AS4,415366,Gray Violet,Spray can,Matt
181,Tamiya,Tamiya 86505 AS5,AS5,98C2B4,Light Blue,Spray can,Matt
182,Tamiya,Tamiya 86506 AS6,AS6,404B13,Olive Drab,Spray can,Matt
183,Tamiya,Tamiya 86507 AS7,AS7,7D878B,Neutral Gray,Spray can,Matt
184,Tamiya,Tamiya 86508 AS8,AS8,27425D,Navy Blue,Spray can,Matt
185,Tamiya,Tamiya 86509 AS9,AS9,2D4813,Dark Green,Spray can,Matt
186,Tamiya,Tamiya 86510 AS10,AS10,52595F,Ocean Gray,Spray can,Matt
188,Tamiya,Tamiya 86511 AS11,AS11,8F9D86,Medium Sea Gray,Spray can,Matt
190,Tamiya,Tamiya 86512 AS12,AS12,C2C7CA,Bare-Metal Silver,Spray can,Matt
191,Tamiya,Tamiya 86512 AS12,AS12,C2C7CA,Bare-Metal Silver,Spray can,Matt
192,Tamiya,Tamiya 86513 AS13,AS13,163126,Green,Spray can,Matt
193,Tamiya,Tamiya 86513 AS13,AS13,163126,Green,Spray can,Matt
194,Tamiya,Tamiya 86514 AS14,AS14,335016,Olive Green,Spray can,Matt
195,Tamiya,Tamiya 86514 AS14,AS14,335016,Olive Green,Spray can,Matt
196,Tamiya,Tamiya 86515 AS15,AS15,A58355,Tan,Spray can,Matt
198,Tamiya,Tamiya 86516 AS16,AS16,CCD4BC,Light Gray,Spray can,Matt
200,Tamiya,Tamiya 86517 AS17,AS17,184316,Dark Green (IJA),Spray can,Matt
202,Tamiya,Tamiya 86518 AS18,AS18,A1B8A8,Light Gray (IJA),Spray can,Matt
204,Tamiya,Tamiya 86519 AS19,AS19,5C8E99,Intermediate Blue (U.S. Navy),Spray can,Matt
206,Tamiya,Tamiya 86520 AS20,AS20,F2F3E5,Insignia White (U.S. Navy),Spray can,Matt
208,Tamiya,Tamiya 86521 AS21,AS21,002C11,Dark Green 2 (IJN),Spray can,Matt
210,Tamiya,Tamiya 86522 AS22,AS22,684B2B,Dark Earth,Spray can,Matt
212,Tamiya,Tamiya 86523 AS23,AS23,337020,Light Green (Luftwaffe),Spray can,Matt
214,Tamiya,Tamiya 86524 AS24,AS24,18280D,Dark Green (Luftwaffe),Spray can,Matt
216,Tamiya,Tamiya 86525 AS25,AS25,6C898D,Dark Ghost Grey,Spray can,Matt
218,Tamiya,Tamiya 86526 AS26,AS26,84A0A3,Light Ghost Grey,Spray can,Matt
220,Tamiya,Tamiya 86527 AS27,AS27,3D4E58,Gunship Gray 2,Spray can,Matt
222,Tamiya,Tamiya 86528 AS28,AS28,727E7E,Medium Gray,Spray can,Matt
224,Tamiya,Tamiya 86529 AS29,AS29,B9C3A7,Gray Green (IJN),Spray can,Matt
226,Vallejo,Vallejo 70.400 #199,#199,000000,Plastic putty,Acrylic,
227,Vallejo,Vallejo 70.470 #190,#190,000000,Glossy medium,Acrylic,Gloss
228,Vallejo,Vallejo 70.510 #193,#193,000000,Gloss varnish,Acrylic,Gloss
229,Vallejo,Vallejo 70.520 #192,#192,000000,Matt varnish,Acrylic,Matt
230,Vallejo,Vallejo 70.521 #191,#191,000000,Metal medium,Acrylic,Metallic
231,Vallejo,Vallejo 70.522 #194,#194,000000,Satin varnish,Acrylic,Satin
232,Vallejo,Vallejo 70.523 #197,#197,000000,Liquid mask,Acrylic,
233,Vallejo,Vallejo 70.540 #189,#189,000000,Matt medium,Acrylic,Matt
234,Vallejo,Vallejo 70.596 #195,#195,000000,Glaze medium,Acrylic,
235,Vallejo,Vallejo 70.597 #196,#196,000000,Drying retarder,Acrylic,
236,Vallejo,Vallejo 70.598 #198,#198,000000,Crackel medium,Acrylic,
237,Vallejo,Vallejo 70.599 #200,#200,000000,Purnice stone,Acrylic,
238,Vallejo,Vallejo 70.730 #206,#206,E3E466,Yellow fluorescent,Acrylic,Fluorescent
239,Vallejo,Vallejo 70.733 #207,#207,E7683A,Orange fluorescent,Acrylic,Fluorescent
240,Vallejo,Vallejo 70.735 #208,#208,E55680,Magenta fluorescent,Acrylic,Fluorescent
241,Vallejo,Vallejo 70.736 #209,#209,375694,Blue fluorescent,Acrylic,Fluorescent
242,Vallejo,Vallejo 70.737 #210,#210,8BB469,Green fluorescent,Acrylic,Fluorescent
243,Vallejo,Vallejo 70.790 #211,#211,BFC4C7,Silver,Acrylic,
244,Vallejo,Vallejo 70.791 #212,#212,818048,Gold,Acrylic,
245,Vallejo,Vallejo 70.792 #213,#213,8B7539,Old gold,Acrylic,
246,Vallejo,Vallejo 70.793 #214,#214,856C43,Rich gold,Acrylic,
247,Vallejo,Vallejo 70.794 #215,#215,9F6D37,Red gold,Acrylic,
248,Vallejo,Vallejo 70.795 #216,#216,62593A,Green gold,Acrylic,
249,Vallejo,Vallejo 70.796 #217,#217,B4B1AC,White gold,Acrylic,
250,Vallejo,Vallejo 70.797 #218,#218,734438,Copper,Acrylic,
251,Vallejo,Vallejo 70.800 #190,#190,2F353A,Gunmetal blue,Acrylic,
252,Vallejo,Vallejo 70.801 #174,#174,856B4A,Brass,Acrylic,
253,Vallejo,Vallejo 70.802 #41,#41,9F4049,Red sunset,Acrylic,
254,Vallejo,Vallejo 70.803 #38,#38,B17768,Brown rose,Acrylic,
255,Vallejo,Vallejo 70.804 #36,#36,AA8060,Red beige,Acrylic,
256,Vallejo,Vallejo 70.805 #23,#23,D9512D,German orange,Acrylic,
257,Vallejo,Vallejo 70.806 #12,#12,D9E288,Lazur,Acrylic,
258,Vallejo,Vallejo 70.807 #49,#49,323543,Oxford blue,Acrylic,
259,Vallejo,Vallejo 70.808 #70,#70,457079,Green blue,Acrylic,
260,Vallejo,Vallejo 70.809 #54,#54,3A4372,Royal blue,Acrylic,
261,Vallejo,Vallejo 70.810 #45,#45,372743,Royal purple,Acrylic,
262,Vallejo,Vallejo 70.811 #46,#46,614C79,Violet blue,Acrylic,
263,Vallejo,Vallejo 70.812 #43,#43,4B2C32,Violet red,Acrylic,
264,Vallejo,Vallejo 70.814 #34,#34,443033,Cadm.umber red,Acrylic,
265,Vallejo,Vallejo 70.815 #17,#17,F0AD83,Flesh tone,Acrylic,
266,Vallejo,Vallejo 70.816 #105,#105,2E3136,Luftwaffe uniform WW2,Acrylic,
267,Vallejo,Vallejo 70.817 #26,#26,BE4630,Scarlet,Acrylic,
268,Vallejo,Vallejo 70.818 #136,#136,683F3B,Red cuir,Acrylic,
269,Vallejo,Vallejo 70.819 #124,#124,9A835F,Iraqui sand,Acrylic,
270,Vallejo,Vallejo 70.820 #4,#4,FAFAF3,Offwhite,Acrylic,
271,Vallejo,Vallejo 70.821 #103,#103,7A6E56,German cam.beige WW2,Acrylic,
272,Vallejo,Vallejo 70.822 #150,#150,3B2C29,German cam.black brown,Acrylic,
273,Vallejo,Vallejo 70.823 #86,#86,48654F,Luftwaffe ca,Acrylic,
274,Vallejo,Vallejo 70.824 #128,#128,826F55,German.cam.orange ochre,Acrylic,
275,Vallejo,Vallejo 70.825 #144,#144,624D41,German camoflage,Acrylic,
276,Vallejo,Vallejo 70.826 #145,#145,4F2D25,German camoflage,Acrylic,
277,Vallejo,Vallejo 70.827 #77,#77,5F8D5E,Lime green,Acrylic,
278,Vallejo,Vallejo 70.828 #182,#182,BF6A4B,Woodgrain,Acrylic,
279,Vallejo,Vallejo 70.829 #130,#130,B34E3C,Amaranth red,Acrylic,
280,Vallejo,Vallejo 70.830 #102,#102,433D37,German fieldgrey WW2,Acrylic,
281,Vallejo,Vallejo 70.831 #203,#203,E27646,Tan glaze,Acrylic,
282,Vallejo,Vallejo 70.832 #202,#202,000000,Verdigris glaze,Acrylic,
283,Vallejo,Vallejo 70.833 #80,#80,47644E,Germ.cam.,Acrylic,
284,Vallejo,Vallejo 70.834 #183,#183,EFCD59,Natural wood,Acrylic,
285,Vallejo,Vallejo 70.835 #37,#37,EB9477,Salmon rose,Acrylic,
286,Vallejo,Vallejo 70.836 #161,#161,38393F,London grey,Acrylic,
287,Vallejo,Vallejo 70.837 #7,#7,C1B790,Sand light,Acrylic,
288,Vallejo,Vallejo 70.838 #71,#71,32665A,Emerald,Acrylic,
289,Vallejo,Vallejo 70.839 #55,#55,3D4885,Ultramarine blue,Acrylic,
290,Vallejo,Vallejo 70.840 #68,#68,41738A,Light turqoise,Acrylic,
291,Vallejo,Vallejo 70.841 #65,#65,3565A2,Andrea blue,Acrylic,
292,Vallejo,Vallejo 70.842 #3,#3,FFFCF6,Gloss white,Acrylic,Gloss
293,Vallejo,Vallejo 70.843 #133,#133,7F6355,Cork brown,Acrylic,
294,Vallejo,Vallejo 70.844 #66,#66,3B78B4,Deep sky blue,Acrylic,
295,Vallejo,Vallejo 70.845 #20,#20,E2A36D,Sunny skintone,Acrylic,
296,Vallejo,Vallejo 70.846 #139,#139,5F4340,Mahogany brown,Acrylic,
297,Vallejo,Vallejo 70.847 #123,#123,B69D69,Dark sand,Acrylic,
298,Vallejo,Vallejo 70.850 #81,#81,324A32,Medium olive,Acrylic,
299,Vallejo,Vallejo 70.851 #24,#24,DC5E35,Deep orange,Acrylic,
300,Vallejo,Vallejo 70.853 #201,#201,000000,White glaze,Acrylic,
301,Vallejo,Vallejo 70.854 #204,#204,39312A,Brown glaze,Acrylic,
302,Vallejo,Vallejo 70.855 #205,#205,272624,Black glaze,Acrylic,
303,Vallejo,Vallejo 70.856 #127,#127,876240,Ochre marron,Acrylic,
304,Vallejo,Vallejo 70.857 #79,#79,5B714D,Golden olive,Acrylic,
305,Vallejo,Vallejo 70.858 #13,#13,FAEA8C,Ice yellow,Acrylic,
306,Vallejo,Vallejo 70.859 #35,#35,402C33,Black red,Acrylic,
307,Vallejo,Vallejo 70.860 #21,#21,805C3F,Medium fleshtone,Acrylic,
308,Vallejo,Vallejo 70.861 #170,#170,181B1C,Glossy black,Acrylic,Gloss
309,Vallejo,Vallejo 70.862 #168,#168,292A2C,Black grey,Acrylic,
310,Vallejo,Vallejo 70.863 #189,#189,464B50,Gunmetal grey,Acrylic,
311,Vallejo,Vallejo 70.864 #188,#188,61666B,Natural steel,Acrylic,
312,Vallejo,Vallejo 70.865 #177,#177,54595B,Oily steel,Acrylic,
313,Vallejo,Vallejo 70.866 #165,#165,3B3D3C,Grey green,Acrylic,
314,Vallejo,Vallejo 70.867 #164,#164,373935,Dark bluegrey,Acrylic,
315,Vallejo,Vallejo 70.868 #163,#163,2A2E31,Dark seagrey,Acrylic,
316,Vallejo,Vallejo 70.869 #162,#162,484B4A,Basalt grey,Acrylic,
317,Vallejo,Vallejo 70.870 #158,#158,68727A,Medium sea grey,Acrylic,
318,Vallejo,Vallejo 70.871 #147,#147,3C3431,Leather brown,Acrylic,
319,Vallejo,Vallejo 70.872 #149,#149,483D3B,Chocolate brown,Acrylic,
320,Vallejo,Vallejo 70.873 #142,#142,534233,U.s. field drab,Acrylic,
321,Vallejo,Vallejo 70.874 #134,#134,766055,U.s. tan earth,Acrylic,
322,Vallejo,Vallejo 70.875 #135,#135,564744,Beige brown,Acrylic,
323,Vallejo,Vallejo 70.876 #132,#132,906D5A,Brown sand,Acrylic,
324,Vallejo,Vallejo 70.877 #126,#126,9D7540,Goldbrown,Acrylic,
325,Vallejo,Vallejo 70.878 #173,#173,766950,Old gold,Acrylic,
326,Vallejo,Vallejo 70.879 #114,#114,6D6152,Green brown,Acrylic,
327,Vallejo,Vallejo 70.880 #113,#113,6A6452,Kakhi grey,Acrylic,
328,Vallejo,Vallejo 70.881 #112,#112,6F694B,Yellow green,Acrylic,
329,Vallejo,Vallejo 70.882 #118,#118,7E7C5B,Middlestone,Acrylic,
330,Vallejo,Vallejo 70.883 #152,#152,CBCBBE,Silvergrey,Acrylic,
331,Vallejo,Vallejo 70.884 #104,#104,7C7B66,Stone grey,Acrylic,
332,Vallejo,Vallejo 70.885 #109,#109,92A689,Pastel green,Acrylic,
333,Vallejo,Vallejo 70.886 #101,#101,635C49,Green-grey,Acrylic,
334,Vallejo,Vallejo 70.887 #93,#93,3E4444,Brown violet,Acrylic,
335,Vallejo,Vallejo 70.888 #92,#92,323C3D,Olive grey,Acrylic,
336,Vallejo,Vallejo 70.889 #91,#91,343338,U.S. olive drap,Acrylic,
337,Vallejo,Vallejo 70.890 #90,#90,3B453C,Reflective green,Acrylic,
338,Vallejo,Vallejo 70.891 #74,#74,456C51,Intermediate green,Acrylic,
339,Vallejo,Vallejo 70.892 #87,#87,272C28,Yellow olive,Acrylic,
340,Vallejo,Vallejo 70.893 #95,#95,3D4746,U.S. dark green,Acrylic,
341,Vallejo,Vallejo 70.894 #96,#96,313B3D,Russian green,Acrylic,
342,Vallejo,Vallejo 70.895 #88,#88,3C4B48,Gunship green,Acrylic,
343,Vallejo,Vallejo 70.896 #99,#99,303C41,Cam.extra dark green,Acrylic,
344,Vallejo,Vallejo 70.897 #98,#98,2D3C43,Bronze green,Acrylic,
345,Vallejo,Vallejo 70.898 #48,#48,2A3037,Dark sea blue,Acrylic,
346,Vallejo,Vallejo 70.899 #50,#50,242631,Dark prussian,Acrylic,
347,Vallejo,Vallejo 70.900 #59,#59,4B596A,French mirage blue,Acrylic,
348,Vallejo,Vallejo 70.901 #63,#63,566577,Pastel blue,Acrylic,
349,Vallejo,Vallejo 70.902 #62,#62,5F618D,Azure,Acrylic,
350,Vallejo,Vallejo 70.903 #60,#60,4A5C6B,Intermediate blue,Acrylic,
351,Vallejo,Vallejo 70.904 #157,#157,47555E,Dark bluegrey,Acrylic,
352,Vallejo,Vallejo 70.905 #156,#156,7E868B,Pale bluegrey,Acrylic,
353,Vallejo,Vallejo 70.906 #64,#64,759494,Pale blue,Acrylic,
354,Vallejo,Vallejo 70.907 #153,#153,AEBBBD,Pale greyblue,Acrylic,
355,Vallejo,Vallejo 70.908 #30,#30,964137,Carmine red,Acrylic,
356,Vallejo,Vallejo 70.909 #28,#28,BA4833,Vermillion,Acrylic,
357,Vallejo,Vallejo 70.910 #27,#27,CA5536,Orange red,Acrylic,
358,Vallejo,Vallejo 70.911 #22,#22,DF743D,Light orange,Acrylic,
359,Vallejo,Vallejo 70.912 #122,#122,8C744C,Tan yellow,Acrylic,
360,Vallejo,Vallejo 70.913 #121,#121,A57D4A,Yellow ochre,Acrylic,
361,Vallejo,Vallejo 70.914 #119,#119,8C7963,Green ochre,Acrylic,
362,Vallejo,Vallejo 70.915 #14,#14,F8DB5D,Deep yellow,Acrylic,
363,Vallejo,Vallejo 70.916 #9,#9,C9B873,Sand Yellow,Acrylic,
364,Vallejo,Vallejo 70.917 #8,#8,C9BC85,Beige,Acrylic,
365,Vallejo,Vallejo 70.918 #5,#5,FDFAF3,Ivory,Acrylic,
366,Vallejo,Vallejo 70.919 #2,#2,FCFCF4,Foundation white,Acrylic,
367,Vallejo,Vallejo 70.920 #85,#85,36443D,German uniform,Acrylic,
368,Vallejo,Vallejo 70.921 #141,#141,544231,English uniform,Acrylic,
369,Vallejo,Vallejo 70.922 #84,#84,475732,Usa uniform,Acrylic,
370,Vallejo,Vallejo 70.923 #117,#117,74694E,Japan uniform,Acrylic,
371,Vallejo,Vallejo 70.924 #94,#94,474D49,Russian uniform WW2,Acrylic,
372,Vallejo,Vallejo 70.925 #52,#52,222A46,Blue,Acrylic,
373,Vallejo,Vallejo 70.926 #33,#33,6C3A36,Red,Acrylic,
374,Vallejo,Vallejo 70.927 #19,#19,C19464,Dark flesh,Acrylic,
375,Vallejo,Vallejo 70.928 #6,#6,F7E5C6,Light flesh,Acrylic,
376,Vallejo,Vallejo 70.929 #129,#129,A06950,Light brown,Acrylic,
377,Vallejo,Vallejo 70.930 #53,#53,303E63,Darkblue,Acrylic,
378,Vallejo,Vallejo 70.934 #186,#186,CB4D35,Transparent red,Acrylic,Clear
379,Vallejo,Vallejo 70.935 #185,#185,DA966D,Transparent orange,Acrylic,Clear
380,Vallejo,Vallejo 70.936 #188,#188,5B8683,Transparent green,Acrylic,Clear
381,Vallejo,Vallejo 70.937 #184,#184,F4E27E,Transparent yellow,Acrylic,Clear
382,Vallejo,Vallejo 70.938 #187,#187,767C8C,Transparent blue,Acrylic,Clear
383,Vallejo,Vallejo 70.939 #181,#181,937E62,Smoke,Acrylic,
384,Vallejo,Vallejo 70.940 #138,#138,644A49,Saddle brown,Acrylic,
385,Vallejo,Vallejo 70.941 #148,#148,483D39,Burnt umber,Acrylic,
386,Vallejo,Vallejo 70.942 #75,#75,377A5B,Light green,Acrylic,
387,Vallejo,Vallejo 70.943 #61,#61,484F64,Grey blue,Acrylic,
388,Vallejo,Vallejo 70.944 #39,#39,BE716D,Old rose,Acrylic,
389,Vallejo,Vallejo 70.945 #42,#42,823840,Magenta,Acrylic,
390,Vallejo,Vallejo 70.946 #32,#32,7E4546,Dark red,Acrylic,
391,Vallejo,Vallejo 70.947 #29,#29,A54336,Red,Acrylic,
392,Vallejo,Vallejo 70.948 #16,#16,F3BB6A,Golden yellow,Acrylic,
393,Vallejo,Vallejo 70.949 #10,#10,FCEE7A,Light Yellow,Acrylic,
394,Vallejo,Vallejo 70.950 #169,#169,252527,Black,Acrylic,
395,Vallejo,Vallejo 70.951 #1,#1,FDF8F3,White,Acrylic,Matt
396,Vallejo,Vallejo 70.952 #11,#11,FAF264,Lemon Yellow,Acrylic,
397,Vallejo,Vallejo 70.953 #15,#15,F8C85E,Flat yellow,Acrylic,
398,Vallejo,Vallejo 70.954 #78,#78,BED264,Yellow green,Acrylic,
399,Vallejo,Vallejo 70.955 #18,#18,C59875,Flat flesh,Acrylic,
400,Vallejo,Vallejo 70.956 #25,#25,DA5530,Clear orange,Acrylic,
401,Vallejo,Vallejo 70.957 #31,#31,853E3A,Flat red,Acrylic,
402,Vallejo,Vallejo 70.958 #40,#40,BB6B80,Pink,Acrylic,
403,Vallejo,Vallejo 70.959 #44,#44,603E4E,Purple,Acrylic,
404,Vallejo,Vallejo 70.960 #47,#47,3A2F4B,Violet,Acrylic,
405,Vallejo,Vallejo 70.961 #67,#67,8CBADF,Sky blue,Acrylic,
406,Vallejo,Vallejo 70.962 #56,#56,3B4D77,Flat blue,Acrylic,
407,Vallejo,Vallejo 70.963 #57,#57,32486C,Medium blue,Acrylic,
408,Vallejo,Vallejo 70.964 #58,#58,3D4C5C,Field blue,Acrylic,
409,Vallejo,Vallejo 70.965 #51,#51,323D50,Prussian blue,Acrylic,
410,Vallejo,Vallejo 70.966 #69,#69,3A6A81,Turqoise,Acrylic,
411,Vallejo,Vallejo 70.967 #82,#82,55673F,Olive green,Acrylic,
412,Vallejo,Vallejo 70.968 #83,#83,31452C,Flat green,Acrylic,
413,Vallejo,Vallejo 70.969 #73,#73,306257,Park green flat,Acrylic,
414,Vallejo,Vallejo 70.970 #72,#72,2D4B40,Deep green,Acrylic,
415,Vallejo,Vallejo 70.971 #106,#106,93A79C,Green grey jn,Acrylic,
416,Vallejo,Vallejo 70.972 #107,#107,617979,Light green bl,Acrylic,
417,Vallejo,Vallejo 70.973 #108,#108,879C9D,Light sea grey,Acrylic,
418,Vallejo,Vallejo 70.974 #76,#76,5A8B78,Green sky,Acrylic,
419,Vallejo,Vallejo 70.975 #89,#89,343D39,Military green ja,Acrylic,
420,Vallejo,Vallejo 70.976 #120,#120,BBB992,Buff,Acrylic,
421,Vallejo,Vallejo 70.977 #125,#125,937647,Desert yellow,Acrylic,
422,Vallejo,Vallejo 70.978 #116,#116,79765A,Dark yellow,Acrylic,
423,Vallejo,Vallejo 70.979 #97,#97,2C353A,German cam. dark green,Acrylic,
424,Vallejo,Vallejo 70.980 #100,#100,24343A,Black green,Acrylic,
425,Vallejo,Vallejo 70.981 #131,#131,99624B,Orange brown,Acrylic,
426,Vallejo,Vallejo 70.982 #137,#137,5D3B3C,Cavalry brown,Acrylic,
427,Vallejo,Vallejo 70.983 #143,#143,634A32,Flat earth,Acrylic,
428,Vallejo,Vallejo 70.984 #140,#140,503B3D,Flat brown,Acrylic,
429,Vallejo,Vallejo 70.985 #146,#146,3C2923,Hull red,Acrylic,
430,Vallejo,Vallejo 70.986 #110,#110,A9B2A2,Deck tan,Acrylic,
431,Vallejo,Vallejo 70.987 #111,#111,757C70,Medium grey,Acrylic,
432,Vallejo,Vallejo 70.988 #115,#115,706F5D,Khaki,Acrylic,
433,Vallejo,Vallejo 70.989 #154,#154,9AA0A0,Sky grey,Acrylic,
434,Vallejo,Vallejo 70.990 #155,#155,72777B,Light grey,Acrylic,
435,Vallejo,Vallejo 70.991 #159,#159,5D6165,Dark sea grey,Acrylic,
436,Vallejo,Vallejo 70.992 #160,#160,4B5766,Neutral grey,Acrylic,
437,Vallejo,Vallejo 70.993 #151,#151,DDDED7,Flat aluminium,Acrylic,
438,Vallejo,Vallejo 70.994 #166,#166,2A2D2F,Dark grey,Acrylic,
439,Vallejo,Vallejo 70.995 #167,#167,252B2B,German grey,Acrylic,
440,Vallejo,Vallejo 70.996 #172,#172,B6A164,Gold,Acrylic,
441,Vallejo,Vallejo 70.997 #171,#171,B4BCBB,Silver,Acrylic,
442,Vallejo,Vallejo 70.998 #175,#175,534F3D,Bronze,Acrylic,
443,Vallejo,Vallejo 70.999 #176,#176,854E3B,Copper,Acrylic,
444,Testors,Testors 1103,1103,DC0015,Red,Enamel,
445,Testors,Testors 1104,1104,890022,Dark Red,Enamel,
446,Testors,Testors 1108,1108,0097DB,Light Blue,Enamel,
447,Testors,Testors 1110,1110,005DB2,Bright Blue,Enamel,
448,Testors,Testors 1111,1111,003C87,Dark Blue,Enamel,
449,Testors,Testors 1112,1112,FEF359,Light Yellow,Enamel,
450,Testors,Testors 1114,1114,FCAE00,Yellow,Enamel,
451,Testors,Testors 1116,1116,FDD6BD,Cream,Enamel,
452,Testors,Testors 1124,1124,007431,Green,Enamel,
453,Testors,Testors 1127,1127,F37000,Orange,Enamel,
454,Testors,Testors 1133,1133,815D48,Light Brown,Enamel,
455,Testors,Testors 1134,1134,A3A9D5,Purple,Enamel,
456,Testors,Testors 1138,1138,737877,Gray,Enamel,
457,Testors,Testors 1140,1140,210000,Brown,Enamel,
458,Testors,Testors 1141,1141,B0764F,Wood,Enamel,
459,Testors,Testors 1144,1144,D4953E,Gold,Enamel,
460,Testors,Testors 1145,1145,FEFEFE,White,Enamel,
461,Testors,Testors 1146,1146,A4AFB5,Silver,Enamel,
462,Testors,Testors 1147,1147,050001,Black,Enamel,
463,Testors,Testors 1149,1149,262627,Flat Black,Enamel,
464,Testors,Testors 1150,1150,D4020A,Flat Red,Enamel,
465,Testors,Testors 1151,1151,C36D37,Copper,Enamel,
466,Testors,Testors 1152,1152,C60027,Metallic Red,Enamel,
467,Testors,Testors 1162,1162,0097DB,Flat Sky Blue,Enamel,
468,Testors,Testors 1163,1163,566873,Flat Battle Gray,Enamel,
469,Testors,Testors 1164,1164,5F6A18,Flat Olive Drab Green,Enamel,
470,Testors,Testors 1165,1165,635F23,Flat Olive Drab,Enamel,
471,Testors,Testors 1166,1166,954500,Flat Military Brown,Enamel,
472,Testors,Testors 1167,1167,B07D5E,Flat Tan,Enamel,
473,Testors,Testors 1168,1168,FEFEFE,Flat White,Enamel,
474,Testors,Testors 1169,1169,FEC300,Flat Yellow,Enamel,
475,Testors,Testors 1170,1170,DD9564,Flat Light Tan,Enamel,
476,Testors,Testors 1171,1171,003D28,Flat Beret Green,Enamel,
477,Testors,Testors 1172,1172,00224A,Flat Sea Blue,Enamel,
478,Testors,Testors 1180,1180,847E84,Steel,Enamel,
479,Testors,Testors 1181,1181,BDC0C2,Aluminum,Enamel,
480,Testors,Testors 1182,1182,B0742A,Brass,Enamel,
481,Testors,Testors 1183,1183,3E1A00,Rubber,Enamel,
482,Testors,Testors 1184,1184,DECB00,Zinc Chromate,Enamel,
483,Testors,Testors 1185,1185,5A2D1E,Rust,Enamel,
484,Testors,Testors 1201,1201,D4B079,Champagne Gold,Enamel,
485,Testors,Testors 1203,1203,DC0015,Red,Enamel,
486,Testors,Testors 1204,1204,890022,Dark Red,Enamel,
487,Testors,Testors 1208,1208,0097DB,Light Blue,Enamel,
488,Testors,Testors 1210,1210,005DB2,Bright Blue,Enamel,
489,Testors,Testors 1211,1211,003C87,Dark Blue,Enamel,
490,Testors,Testors 1214,1214,FCAE00,Yellow,Enamel,
491,Testors,Testors 1224,1224,007431,Green,Enamel,
492,Testors,Testors 1226,1226,989E92,Flat Dark Aircraft Gray,Enamel,
493,Testors,Testors 1231,1231,EA0006,Bright Red,Enamel,
494,Testors,Testors 1233,1233,B3B2A3,Flat Light Aircraft Gray,Enamel,
495,Testors,Testors 1234,1234,A3A9D5,Purple,Enamel,
496,Testors,Testors 1238,1238,737877,Gray,Enamel,
497,Testors,Testors 1240,1240,210000,Brown,Enamel,
498,Testors,Testors 1241,1241,B0764F,Wood,Enamel,
499,Testors,Testors 1244,1244,D4953E,Gold,Enamel,
500,Testors,Testors 1245,1245,FEFEFE,White,Enamel,
501,Testors,Testors 1246,1246,A4AFB5,Silver,Enamel,
502,Testors,Testors 1247,1247,050001,Black,Enamel,
503,Testors,Testors 1249,1249,262627,Flat Black,Enamel,
504,Testors,Testors 1250,1250,D4020A,Flat Red,Enamel,
505,Testors,Testors 1251,1251,C36D37,Copper,Enamel,
506,Testors,Testors 1257,1257,0057AC,Transparent Blue,Enamel,
507,Testors,Testors 1258,1258,FEFEFE,Flat White,Enamel,
508,Testors,Testors 1265,1265,635F23,Flat Olive Drab,Enamel,
509,Testors,Testors 1290,1290,CACCCD,Chrome,Enamel,
510,Testors,Testors 1529,1529,9A0F1E,Red Metal Flake,Enamel,
511,Testors,Testors 1530,1530,005F31,Green Metal Flake,Enamel,
512,Testors,Testors 1531,1531,980A53,Purple Metal Flake,Enamel,
513,Testors,Testors 1539,1539,00579E,Blue Metal Flake,Enamel,
514,Testors,Testors 1542,1542,B8A900,Gold Metal Flake,Enamel,
515,Testors,Testors 1601,1601,008A4E,Candy Green,Enamel,
516,Testors,Testors 1605,1605,D40022,Candy Red,Enamel,
517,Testors,Testors 1607,1607,D3005A,Hot Rod Red,Enamel,
518,Testors,Testors 1617,1617,AC093D,Candy Grape,Enamel,
519,Testors,Testors 1628,1628,EC2605,Competition Orange,Enamel,
520,Testors,Testors 1629,1629,9A0F1E,Red Metal Flake,Enamel,
521,Testors,Testors 1630,1630,005F31,Green Metal Flake,Enamel,
522,Testors,Testors 1631,1631,980A53,Purple Metal Flake,Enamel,
523,Testors,Testors 1632,1632,FECD00,Bug Yellow,Enamel,
524,Testors,Testors 1633,1633,B8A900,Sublime Green,Enamel,
525,Testors,Testors 1634,1634,262627,Transparent Black Window Tint,Enamel,
526,Testors,Testors 1639,1639,00579E,Blue Metal Flake,Enamel,
527,Testors,Testors 1642,1642,B8A900,Gold Metal Flake,Enamel,
528,Testors,Testors 1801,1801,BC001A,Cherry Red,Enamel,
529,Testors,Testors 1804,1804,17719E,Blue Pearl,Enamel,
530,Testors,Testors 1806,1806,000A27,Midnight Blue,Enamel,
531,Testors,Testors 1813,1813,262627,Black Pearl,Enamel,
532,Testors,Testors 2503C,2503C,DC0015,Red,Enamel,
533,Testors,Testors 2508C,2508C,0097DB,Light Blue,Enamel,
534,Testors,Testors 2511C,2511C,003C87,Dark Blue,Enamel,
535,Testors,Testors 2514C,2514C,FCAE00,Yellow,Enamel,
536,Testors,Testors 2524C,2524C,007431,Green,Enamel,
537,Testors,Testors 2527C,2527C,F37000,Orange,Enamel,
538,Testors,Testors 2538C,2538C,737877,Gray,Enamel,
539,Testors,Testors 2540C,2540C,210000,Brown,Enamel,
540,Testors,Testors 2544C,2544C,D4953E,Gold,Enamel,
541,Testors,Testors 2545C,2545C,FEFEFE,White,Enamel,
542,Testors,Testors 2546C,2546C,A4AFB5,Silver,Enamel,
543,Testors,Testors 2547C,2547C,050001,Black,Enamel,
544,Testors,Testors 2549C,2549C,262627,Flat Black,Enamel,
545,Humbrol,Humbrol 208,208,43B64D,Signal Green,Enamel,Fluorescent
546,Humbrol,Humbrol 209,209,ED282A,Fire Orange,Enamel,Fluorescent
547,Humbrol,Humbrol 2,2,008E4C,Emerald,Enamel,Gloss
548,Humbrol,Humbrol 3,3,004617,Brunswick Green,Enamel,Gloss
549,Humbrol,Humbrol 5,5,667178,Dark Grey,Enamel,Gloss
550,Humbrol,Humbrol 7,7,FCBF50,Light Buff,Enamel,Gloss
551,Humbrol,Humbrol 9,9,A76134,Tan,Enamel,Gloss
552,Humbrol,Humbrol 10,10,3D3A39,Service Brown,Enamel,Gloss
553,Humbrol,Humbrol 14,14,005DAB,French Blue,Enamel,Gloss
554,Humbrol,Humbrol 15,15,003469,Midnight Blue,Enamel,Gloss
555,Humbrol,Humbrol 18,18,F47521,Orange,Enamel,Gloss
556,Humbrol,Humbrol 19,19,DD1736,Bright Red,Enamel,Gloss
557,Humbrol,Humbrol 20,20,900026,Crimson,Enamel,Gloss
558,Humbrol,Humbrol 21,21,221F20,Black,Enamel,Gloss
559,Humbrol,Humbrol 22,22,FFFFFF,White,Enamel,Gloss
560,Humbrol,Humbrol 38,38,6DB544,Lime,Enamel,Gloss
561,Humbrol,Humbrol 40,40,9D9FA2,Pale Grey,Enamel,Gloss
562,Humbrol,Humbrol 41,41,F2ECB6,Ivory,Enamel,Gloss
563,Humbrol,Humbrol 47,47,48B3DF,Sea Blue,Enamel,Gloss
564,Humbrol,Humbrol 48,48,1E8DAE,Mediterranean Blue,Enamel,Gloss
565,Humbrol,Humbrol 68,68,180250,Purple,Enamel,Gloss
566,Humbrol,Humbrol 69,69,FEDC00,Yellow,Enamel,Gloss
567,Humbrol,Humbrol 200,200,ECA4A9,Pink,Enamel,Gloss
568,Humbrol,Humbrol 1,1,515C56,Primer,Enamel,Matt
569,Humbrol,Humbrol 23,23,C9E8DD,Duck Egg Blue,Enamel,Matt
570,Humbrol,Humbrol 24,24,FEBF4D,Trainer Yellow,Enamel,Matt
571,Humbrol,Humbrol 25,25,114C94,Matt Blue,Enamel,Matt
572,Humbrol,Humbrol 26,26,916D3D,Matt Khaki,Enamel,Matt
573,Humbrol,Humbrol 27,27,525D59,Matt Sea Grey,Enamel,Matt
574,Humbrol,Humbrol 28,28,BBBBB0,Camouflage Grey,Enamel,Matt
575,Humbrol,Humbrol 29,29,776B5E,Matt Dark Earth,Enamel,Matt
576,Humbrol,Humbrol 30,30,086D4F,Matt Dark Green,Enamel,Matt
577,Humbrol,Humbrol 31,31,55686A,Matt Slate Grey,Enamel,Matt
578,Humbrol,Humbrol 32,32,454C52,Matt Dark Grey,Enamel,Matt
579,Humbrol,Humbrol 33,33,221F1E,Matt Black,Enamel,Matt
580,Humbrol,Humbrol 34,34,FFFFFF,Matt White,Enamel,Matt
581,Humbrol,Humbrol 60,60,B9131B,Matt Scarlet,Enamel,Matt
582,Humbrol,Humbrol 61,61,EF9267,Matt Flesh,Enamel,Matt
583,Humbrol,Humbrol 62,62,A46245,Matt Leather,Enamel,Matt
584,Humbrol,Humbrol 63,63,CD985D,Matt Sand,Enamel,Matt
585,Humbrol,Humbrol 64,64,8E979D,Matt Light Grey,Enamel,Matt
586,Humbrol,Humbrol 65,65,ADCEC8,Matt Aircraft Blue,Enamel,Matt
587,Humbrol,Humbrol 66,66,334648,Matt Olive Drab,Enamel,Matt
588,Humbrol,Humbrol 67,67,244042,Matt Tank Grey,Enamel,Matt
589,Humbrol,Humbrol 70,70,8D543D,Matt Brick Red,Enamel,Matt
590,Humbrol,Humbrol 72,72,9B8E80,Matt Khaki Drill,Enamel,Matt
591,Humbrol,Humbrol 73,73,91545F,Matt Wine,Enamel,Matt
592,Humbrol,Humbrol 74,74,FED659,Matt Linen,Enamel,Matt
593,Humbrol,Humbrol 75,75,4E605B,Matt Bronze Green,Enamel,Matt
594,Humbrol,Humbrol 76,76,467261,Matt Uniform Green,Enamel,Matt
595,Humbrol,Humbrol 77,77,4B6676,Matt Navy Blue,Enamel,Matt
596,Humbrol,Humbrol 78,78,2D5A43,Matt Cockpit Green,Enamel,Matt
597,Humbrol,Humbrol 79,79,606975,Matt Blue Grey,Enamel,Matt
598,Humbrol,Humbrol 80,80,607556,Matt Grass Green,Enamel,Matt
599,Humbrol,Humbrol 81,81,D4BD56,Matt Pale Yellow,Enamel,Matt
600,Humbrol,Humbrol 82,82,DF6943,Matt Orange Lining,Enamel,Matt
601,Humbrol,Humbrol 83,83,AC923C,Matt Ochre,Enamel,Matt
602,Humbrol,Humbrol 84,84,6D5000,Matt Mid Stone,Enamel,Matt
603,Humbrol,Humbrol 86,86,636953,Matt Light Olive,Enamel,Matt
604,Humbrol,Humbrol 87,87,798E94,Matt Steel Grey,Enamel,Matt
605,Humbrol,Humbrol 88,88,4D7245,Matt Deck Green,Enamel,Matt
606,Humbrol,Humbrol 89,89,2F96B7,Matt Middle Blue,Enamel,Matt
607,Humbrol,Humbrol 90,90,D1E7B8,Matt Beige Green,Enamel,Matt
608,Humbrol,Humbrol 91,91,002509,Matt Black Green,Enamel,Matt
609,Humbrol,Humbrol 93,93,B8945F,Matt Desert Yellow,Enamel,Matt
610,Humbrol,Humbrol 94,94,C29C77,Matt Brown Yellow,Enamel,Matt
611,Humbrol,Humbrol 96,96,587793,Matt RAF Blue,Enamel,Matt
612,Humbrol,Humbrol 98,98,725D50,Matt Chocolate,Enamel,Matt
613,Humbrol,Humbrol 99,99,F7E203,Matt Lemon,Enamel,Matt
614,Humbrol,Humbrol 100,100,C05645,Matt Red Brown,Enamel,Matt
615,Humbrol,Humbrol 101,101,427E65,Matt Mid Green,Enamel,Matt
616,Humbrol,Humbrol 102,102,5C7661,Matt Army Green,Enamel,Matt
617,Humbrol,Humbrol 103,103,E5CE8D,Matt Cream,Enamel,Matt
618,Humbrol,Humbrol 104,104,1D4F6D,Matt Oxford Blue,Enamel,Matt
619,Humbrol,Humbrol 105,105,5F7661,Matt Marine Green,Enamel,Matt
620,Humbrol,Humbrol 106,106,5A5E62,Matt Ocean Grey,Enamel,Matt
621,Humbrol,Humbrol 109,109,4D82AC,Matt WWI Blue,Enamel,Matt
622,Humbrol,Humbrol 110,110,8D6D5B,Matt Natural Wood,Enamel,Matt
623,Humbrol,Humbrol 113,113,A57165,Matt Rust,Enamel,Matt
624,Humbrol,Humbrol 116,116,325D4C,Matt US Dark Green,Enamel,Matt
625,Humbrol,Humbrol 117,117,48674A,Matt US Light Green,Enamel,Matt
626,Humbrol,Humbrol 118,118,A4816C,Matt US Tan,Enamel,Matt
627,Humbrol,Humbrol 119,119,A57661,Matt Light Earth,Enamel,Matt
628,Humbrol,Humbrol 120,120,00693F,Matt Light Green,Enamel,Matt
629,Humbrol,Humbrol 121,121,DAC79C,Matt Pale Stone,Enamel,Matt
630,Humbrol,Humbrol 140,140,808E93,Matt Gull Grey,Enamel,Matt
631,Humbrol,Humbrol 144,144,5C7686,Intermediate Blue,Enamel,Matt
632,Humbrol,Humbrol 145,145,657279,Matt Medium Grey,Enamel,Matt
633,Humbrol,Humbrol 147,147,C8CBCB,Matt Light Grey,Enamel,Matt
634,Humbrol,Humbrol 148,148,FED89A,Matt Radome Tan,Enamel,Matt
635,Humbrol,Humbrol 149,149,035A49,Matt Dark Green,Enamel,Matt
636,Humbrol,Humbrol 150,150,536027,Matt Forest Green,Enamel,Matt
637,Humbrol,Humbrol 153,153,B21019,Insignia Red,Enamel,Matt
638,Humbrol,Humbrol 154,154,FCB314,Insignia Yellow,Enamel,Matt
639,Humbrol,Humbrol 155,155,46583E,Matt Olive Drab,Enamel,Matt
640,Humbrol,Humbrol 156,156,767875,Dark Camouflage Grey,Enamel,Matt
641,Humbrol,Humbrol 157,157,065B7E,Azure Blue,Enamel,Matt
642,Humbrol,Humbrol 159,159,47593D,Khaki Drab,Enamel,Matt
643,Humbrol,Humbrol 160,160,5E331A,German Red Brown,Enamel,Matt
644,Humbrol,Humbrol 171,171,936E5B,Antique Bronze,Enamel,Matt
645,Humbrol,Humbrol 186,186,7D5E4F,Brown,Enamel,Matt
646,Humbrol,Humbrol 187,187,6E5100,Dark Stone,Enamel,Matt
647,Humbrol,Humbrol 224,224,6A6964,Dark Slate Grey,Enamel,Matt
648,Humbrol,Humbrol 225,225,B2855D,Middle Stone,Enamel,Matt
649,Humbrol,Humbrol 226,226,6A6D50,Interior Green,Enamel,Matt
650,Humbrol,Humbrol 250,250,B88C6F,Matt Desert Sand,Enamel,Matt
651,Humbrol,Humbrol 11,11,CED5DA,Silver,Enamel,Metallic
652,Humbrol,Humbrol 12,12,996A37,Copper,Enamel,Metallic
653,Humbrol,Humbrol 16,16,DCAB25,Gold,Enamel,Metallic
654,Humbrol,Humbrol 50,50,009D67,Green Mist,Enamel,Metallic
655,Humbrol,Humbrol 51,51,BD1759,Sunset Red,Enamel,Metallic
656,Humbrol,Humbrol 52,52,006CAE,Baltic Blue,Enamel,Metallic
657,Humbrol,Humbrol 53,53,2C2E19,Gunmetal,Enamel,Metallic
658,Humbrol,Humbrol 54,54,DC9017,Brass,Enamel,Metallic
659,Humbrol,Humbrol 55,55,AC5C0F,Bronze,Enamel,Metallic
660,Humbrol,Humbrol 56,56,AEC1CB,Aluminum,Enamel,Metallic
661,Humbrol,Humbrol 191,191,D8E3E9,Chrome Silver,Enamel,Metallic
662,Humbrol,Humbrol 201,201,091208,Metallic Black,Enamel,Metallic
663,Humbrol,Humbrol 222,222,0D4689,Moonlight Blue,Enamel,Metallic
664,Humbrol,Humbrol 71,71,E8D3AC,Satin Oak,Enamel,Satin
665,Humbrol,Humbrol 85,85,020503,Coal Black,Enamel,Satin
666,Humbrol,Humbrol 123,123,626F77,Extra Dark Sea Grey,Enamel,Satin
667,Humbrol,Humbrol 125,125,616F78,Satin US Dark Grey,Enamel,Satin
668,Humbrol,Humbrol 126,126,7F8885,Satin US Medium Grey,Enamel,Satin
669,Humbrol,Humbrol 127,127,9CB7C4,Satin US Ghost Grey,Enamel,Satin
670,Humbrol,Humbrol 128,128,81A6B6,Satin US Compass Grey,Enamel,Satin
671,Humbrol,Humbrol 129,129,929C9D,Satin US Gull Grey,Enamel,Satin
672,Humbrol,Humbrol 130,130,FFFFFE,Satin White,Enamel,Satin
673,Humbrol,Humbrol 131,131,1E772C,Satin Mid Green,Enamel,Satin
674,Humbrol,Humbrol 132,132,D35642,Satin Red,Enamel,Satin
675,Humbrol,Humbrol 133,133,823130,Satin Brown,Enamel,Satin
676,Humbrol,Humbrol 220,220,C3151B,Ferrari Red,Enamel,
677,Humbrol,Humbrol 1321,1321,BF3126,Red,Enamel,
678,Humbrol,Humbrol 1322,1322,F04D22,Orange,Enamel,
679,Humbrol,Humbrol 1325,1325,5F9148,Green,Enamel,
858,mr-hobby,Mr.Color C1,C1,FFFFFF,White,Solvent-based Acrylic,Gloss
859,mr-hobby,Mr.Color C2,C2,231F20,Black,Solvent-based Acrylic,Gloss
860,mr-hobby,Mr.Color C3,C3,ED1C24,Red,Solvent-based Acrylic,Gloss
861,mr-hobby,Mr.Color C4,C4,FFDD00,Yellow,Solvent-based Acrylic,Gloss
862,mr-hobby,Mr.Color C5,C5,005BAB,Blue,Solvent-based Acrylic,Gloss
863,mr-hobby,Mr.Color C6,C6,006835,Green,Solvent-based Acrylic,Gloss
864,mr-hobby,Mr.Color C7,C7,CA4236,Brown,Solvent-based Acrylic,Gloss
865,mr-hobby,Mr.Color C8,C8,D1D3D3,Silver,Solvent-based Acrylic,Metalic
866,mr-hobby,Mr.Color C9,C9,DCAF31,Gold,Solvent-based Acrylic,Metalic
867,mr-hobby,Mr.Color C10,C10,CD733A,Copper,Solvent-based Acrylic,Metalic
868,mr-hobby,Mr.Color C11,C11,B3BBBF,Light Gull Gray,Solvent-based Acrylic,SemiGloss
869,mr-hobby,Mr.Color C12,C12,6F5F3C,Olive Drab 1,Solvent-based Acrylic,SemiGloss
870,mr-hobby,Mr.Color C13,C13,677982,Neutral Gray,Solvent-based Acrylic,SemiGloss
871,mr-hobby,Mr.Color C14,C14,234F5B,Navy Blue,Solvent-based Acrylic,SemiGloss
872,mr-hobby,Mr.Color C15,C15,003920,IJN Green (Nakajima),Solvent-based Acrylic,SemiGloss
873,mr-hobby,Mr.Color C16,C16,22553F,IJA Green,Solvent-based Acrylic,SemiGloss
874,mr-hobby,Mr.Color C17,C17,52534C,Dark Green,Solvent-based Acrylic,SemiGloss
875,mr-hobby,Mr.Color C18,C18,283C4D,Black Green,Solvent-based Acrylic,SemiGloss
876,mr-hobby,Mr.Color C19,C19,9D8045,Sandy Brown,Solvent-based Acrylic,SemiGloss
877,mr-hobby,Mr.Color C20,C20,4EBFA5,Light Blue,Solvent-based Acrylic,SemiGloss
878,mr-hobby,Mr.Color C21,C21,A9894B,Middle Stone,Solvent-based Acrylic,SemiGloss
879,mr-hobby,Mr.Color C22,C22,5C5144,Dark Earth,Solvent-based Acrylic,SemiGloss
880,mr-hobby,Mr.Color C23,C23,4B604D,Dark Green 2,Solvent-based Acrylic,SemiGloss
881,mr-hobby,Mr.Color C25,C25,707763,Dark Sea Gray,Solvent-based Acrylic,SemiGloss
882,mr-hobby,Mr.Color C26,C26,CFDAA9,Duk Egg Green,Solvent-based Acrylic,SemiGloss
883,mr-hobby,Mr.Color C27,C27,B2A335,Interior Green,Solvent-based Acrylic,SemiGloss
884,mr-hobby,Mr.Color C28,C28,231F20,Steel,Solvent-based Acrylic,Metalic
885,mr-hobby,Mr.Color C29,C29,61343B,Hull Red,Solvent-based Acrylic,SemiGloss
886,mr-hobby,Mr.Color C30,C30,FFFFFF,Flat Base,Solvent-based Acrylic,Matt
887,mr-hobby,Mr.Color C31,C31,848C8D,Dark Gray 1,Solvent-based Acrylic,SemiGloss
888,mr-hobby,Mr.Color C32,C32,495D64,Drak Gray 2,Solvent-based Acrylic,SemiGloss
889,mr-hobby,Mr.Color C33,C33,231F20,Flat Black,Solvent-based Acrylic,Matt
890,mr-hobby,Mr.Color C34,C34,0095DA,Sky Blue,Solvent-based Acrylic,Gloss
891,mr-hobby,Mr.Color C35,C35,94AFBE,IJN Gray (Mitsubishi),Solvent-based Acrylic,SemiGloss
892,mr-hobby,Mr.Color C36,C36,274141,RLM74 Gray Green,Solvent-based Acrylic,SemiGloss
893,mr-hobby,Mr.Color C37,C37,54645F,RLM75 Gray Violet,Solvent-based Acrylic,SemiGloss
894,mr-hobby,Mr.Color C38,C38,45503D,Olive Drab 2,Solvent-based Acrylic,Matt
895,mr-hobby,Mr.Color C39,C39,B99765,Dark Yellow (Sandy Yellow),Solvent-based Acrylic,Matt
896,mr-hobby,Mr.Color C40,C40,2F4348,German Gray,Solvent-based Acrylic,Matt
897,mr-hobby,Mr.Color C41,C41,573438,Red Brown,Solvent-based Acrylic,Matt
898,mr-hobby,Mr.Color C42,C42,4D3539,Mahogany,Solvent-based Acrylic,SemiGloss
899,mr-hobby,Mr.Color C43,C43,71523A,Wood Brown,Solvent-based Acrylic,SemiGloss
900,mr-hobby,Mr.Color C44,C44,C4A26E,Tan,Solvent-based Acrylic,SemiGloss
901,mr-hobby,Mr.Color C45,C45,B8B084,Sail Color,Solvent-based Acrylic,SemiGloss
902,mr-hobby,Mr.Color C46,C46,FFFFFF,Clear,Solvent-based Acrylic,Gloss
903,mr-hobby,Mr.Color C47,C47,ED1C24,Clear Red,Solvent-based Acrylic,Gloss
904,mr-hobby,Mr.Color C48,C48,FFD400,Clear Yellow,Solvent-based Acrylic,Gloss
905,mr-hobby,Mr.Color C49,C49,F26522,Clear Yellow,Solvent-based Acrylic,Gloss
906,mr-hobby,Mr.Color C50,C50,00AEEF,Clear Blue,Solvent-based Acrylic,Gloss
907,mr-hobby,Mr.Color C51,C51,E3AC7C,Flesh,Solvent-based Acrylic,SemiGloss
908,mr-hobby,Mr.Color C52,C52,415651,Field Gray 2,Solvent-based Acrylic,Matt
909,mr-hobby,Mr.Color C54,C54,3A4940,Khaki Green,Solvent-based Acrylic,Matt
910,mr-hobby,Mr.Color C55,C55,5B573D,Khaki,Solvent-based Acrylic,Matt
911,mr-hobby,Mr.Color C56,C56,709F9B,IJN Gray Green (Nakajima),Solvent-based Acrylic,SemiGloss
912,mr-hobby,Mr.Color C57,C57,007B72,Metalic Blue Green,Solvent-based Acrylic,Metalic
913,mr-hobby,Mr.Color C58,C58,F47920,Orange Yellow,Solvent-based Acrylic,SemiGloss
914,mr-hobby,Mr.Color C59,C59,EF4223,Orange,Solvent-based Acrylic,Gloss
915,mr-hobby,Mr.Color C60,C60,95937F,RLM 02 Gray,Solvent-based Acrylic,SemiGloss
916,mr-hobby,Mr.Color C61,C61,58575C,Burnt Iron,Solvent-based Acrylic,Metalic
917,mr-hobby,Mr.Color C62,C62,FFFFFF,Flat White,Solvent-based Acrylic,Matt
918,mr-hobby,Mr.Color C63,C63,F17298,Pink,Solvent-based Acrylic,Gloss
919,mr-hobby,Mr.Color C64,C64,23AA4A,Yellow Green (Lemans Green),Solvent-based Acrylic,Gloss
920,mr-hobby,Mr.Color C65,C65,034EA2,Bright Blue (Indy Blue),Solvent-based Acrylic,Gloss
921,mr-hobby,Mr.Color C66,C66,00A651,Bright Green (Daytona Green),Solvent-based Acrylic,Gloss
922,mr-hobby,Mr.Color C67,C67,493087,Pupple,Solvent-based Acrylic,Gloss
923,mr-hobby,Mr.Color C68,C68,DA2128,Red Madder,Solvent-based Acrylic,Gloss
924,mr-hobby,Mr.Color C69,C69,F4F1ED,Off White (GrandPrix White),Solvent-based Acrylic,Gloss
925,mr-hobby,Mr.Color C70,C70,3A4940,German Green (Dark Green),Solvent-based Acrylic,Matt
926,mr-hobby,Mr.Color C71,C71,39494E,Midnight Blue,Solvent-based Acrylic,Gloss
927,mr-hobby,Mr.Color C72,C72,2E5562,Medium Blue,Solvent-based Acrylic,SemiGloss
928,mr-hobby,Mr.Color C73,C73,729897,AirCraft Gray,Solvent-based Acrylic,Gloss
929,mr-hobby,Mr.Color C74,C74,1F737E,Air Superiority Blue,Solvent-based Acrylic,Gloss
930,mr-hobby,Mr.Color C75,C75,B02A30,Metalic Red,Solvent-based Acrylic,Metalic
931,mr-hobby,Mr.Color C76,C76,005BAB,Metalic Blue,Solvent-based Acrylic,Metalic
932,mr-hobby,Mr.Color C77,C77,009058,Metalic Green,Solvent-based Acrylic,Metalic
933,mr-hobby,Mr.Color C78,C78,231F20,Metal Black,Solvent-based Acrylic,Metalic
934,mr-hobby,Mr.Color C79,C79,ED1C24,Shine Red,Solvent-based Acrylic,Gloss
935,mr-hobby,Mr.Color C80,C80,2E3192,Cobalt Blue,Solvent-based Acrylic,Matt
936,mr-hobby,Mr.Color C81,C81,7C3139,Russet (Maroon),Solvent-based Acrylic,Gloss
937,mr-hobby,Mr.Color C90,C90,C6C8CA,Shine Silver,Solvent-based Acrylic,Metalic
938,mr-hobby,Mr.Color C92,C92,231F20,Semi Gross Black,Solvent-based Acrylic,SemiGloss
939,mr-hobby,Mr.Color C97,C97,AAB7AF,Light Gray,Solvent-based Acrylic,
940,mr-hobby,Mr.Color C100,C100,AF2A3D,Wine Red,Solvent-based Acrylic,
941,mr-hobby,Mr.Color C101,C101,DDDDDD,Smoke Gray,Solvent-based Acrylic,Gloss
942,mr-hobby,Mr.Color C104,C104,A8B8BF,Gun Chrome,Solvent-based Acrylic,Metalic
943,mr-hobby,Mr.Color C107,C107,EFEFEC,Character White,Solvent-based Acrylic,SemiGloss
944,mr-hobby,Mr.Color C108,C108,C9252C,Character Red,Solvent-based Acrylic,SemiGloss
945,mr-hobby,Mr.Color C109,C109,F58220,Character Yellow,Solvent-based Acrylic,SemiGloss
946,mr-hobby,Mr.Color C110,C110,034EA2,Character Blue,Solvent-based Acrylic,SemiGloss
947,mr-hobby,Mr.Color C111,C111,FDDDCF,Character Fresh 1,Solvent-based Acrylic,SemiGloss
948,mr-hobby,Mr.Color C112,C112,F9B5B2,Character Fresh 2,Solvent-based Acrylic,SemiGloss
949,mr-hobby,Mr.Color C113,C113,FAA61A,RLM 04 Yellow,Solvent-based Acrylic,SemiGloss
950,mr-hobby,Mr.Color C114,C114,C9234A,RLM 23 Red,Solvent-based Acrylic,SemiGloss
951,mr-hobby,Mr.Color C115,C115,6D929F,RLM 65 Light Blue,Solvent-based Acrylic,SemiGloss
952,mr-hobby,Mr.Color C116,C116,414141,RLM 66 Black Gray,Solvent-based Acrylic,SemiGloss
953,mr-hobby,Mr.Color C117,C117,AFCBC9,RLM 76 Light Blue,Solvent-based Acrylic,SemiGloss
954,mr-hobby,Mr.Color C118,C118,779FAD,RLM 78 Light Blue,Solvent-based Acrylic,SemiGloss
955,mr-hobby,Mr.Color C119,C119,92725F,RLM 79 Sand Yellow,Solvent-based Acrylic,SemiGloss
956,mr-hobby,Mr.Color C120,C120,1B3F2C,RLM 80 Olive Green,Solvent-based Acrylic,SemiGloss
957,mr-hobby,Mr.Color C121,C121,52534C,RLM 81 Brown Violet,Solvent-based Acrylic,SemiGloss
958,mr-hobby,Mr.Color C122,C122,65855B,RLM 82 Light Green,Solvent-based Acrylic,SemiGloss
959,mr-hobby,Mr.Color C123,C123,3D5C52,RLM 83 Dark Green,Solvent-based Acrylic,SemiGloss
960,mr-hobby,Mr.Color C124,C124,004B24,Dark Green (Mitsubishi),Solvent-based Acrylic,SemiGloss
961,mr-hobby,Mr.Color C125,C125,000F24,Cowling Color,Solvent-based Acrylic,SemiGloss
962,mr-hobby,Mr.Color C126,C126,54694A,Cockpit Color (Mitsubishi),Solvent-based Acrylic,SemiGloss
963,mr-hobby,Mr.Color C127,C127,A2B180,Cockpit Color (Nakajima),Solvent-based Acrylic,SemiGloss
964,mr-hobby,Mr.Color C128,C128,A5AAA0,Gray Green,Solvent-based Acrylic,SemiGloss
965,mr-hobby,Mr.Color C129,C129,536955,Dark Green (Nakajima),Solvent-based Acrylic,SemiGloss
966,mr-hobby,Mr.Color C130,C130,566348,Dark Green (Nawakaki),Solvent-based Acrylic,SemiGloss
967,mr-hobby,Mr.Color C131,C131,4B2014,Propeller Color,Solvent-based Acrylic,SemiGloss
968,mr-hobby,Mr.Color C132,C132,6F5F3C,Earth Green,Solvent-based Acrylic,Matt
969,mr-hobby,Mr.Color C133,C133,703934,Earth,Solvent-based Acrylic,Matt
970,mr-hobby,Mr.Color C134,C134,725d40,Grass Green,Solvent-based Acrylic,Matt
971,mr-hobby,Mr.Color C135,C135,389954,Russian Green 1,Solvent-based Acrylic,Matt
972,mr-hobby,Mr.Color C136,C136,3C614A,Russian Green 2,Solvent-based Acrylic,Matt
973,mr-hobby,Mr.Color C137,C137,231F20,Tire Black,Solvent-based Acrylic,
974,mr-hobby,Mr.Color C138,C138,00A651,Clear Green,Solvent-based Acrylic,
975,mr-hobby,Mr.Color C151,C151,FFFFFF,White Pearl,Solvent-based Acrylic,Pearl Coat
976,mr-hobby,Mr.Color C152,C152,FFFFFF,Green Pearl,Solvent-based Acrylic,Pearl Coat
977,mr-hobby,Mr.Color C153,C153,FFFFFF,Red Pearl,Solvent-based Acrylic,Pearl Coat
978,mr-hobby,Mr.Color C154,C154,FFFFFF,Blue Pearl,Solvent-based Acrylic,Pearl Coat
979,mr-hobby,Mr.Color C155,C155,FFFFFF,Super Clear,Solvent-based Acrylic,Gloss
980,mr-hobby,Mr.Color C156,C156,FFFFFF,Super White ￡E￡O,Solvent-based Acrylic,Gloss
981,mr-hobby,Mr.Color C157,C157,000000,Super Black,Solvent-based Acrylic,Gloss
982,mr-hobby,Mr.Color C158,C158,DA2128,Super Italian Red,Solvent-based Acrylic,Gloss
983,mr-hobby,Mr.Color C159,C159,D1D3D3,Super Silver,Solvent-based Acrylic,Metalic
984,mr-hobby,Mr.Color C160,C160,9d3319,Cranberry Red Pearl,Solvent-based Acrylic,Gloss
985,mr-hobby,Mr.Color C171,C171,ED1C24,Fluorescent Red,Solvent-based Acrylic,Fluorescent
986,mr-hobby,Mr.Color C172,C172,FFF200,Fluorescent Yellow,Solvent-based Acrylic,Fluorescent
987,mr-hobby,Mr.Color C173,C173,EE3224,Fluorescent ≪ª≪i≪o≪¸,Solvent-based Acrylic,Fluorescent
988,mr-hobby,Mr.Color C174,C174,ED0972,Fluorescent Pink,Solvent-based Acrylic,Fluorescent
989,mr-hobby,Mr.Color C175,C175,00A651,Fluorescent Green,Solvent-based Acrylic,Fluorescent
990,mr-hobby,Mr.Color C181,C181,FFFFFF,Super Clear Semi Gross,Solvent-based Acrylic,
991,mr-hobby,Mr.Color C182,C182,FFFFFF,Super Clear Flat,Solvent-based Acrylic,
992,mr-hobby,Mr.Color C183,C183,EFEFEF,Super Clear Gray,Solvent-based Acrylic,
993,mr-hobby,Mr.Color C184,C184,FFFFFF,Super Clear 2,Solvent-based Acrylic,
994,mr-hobby,Mr.Color C188,C188,FFFFFF,Super Clear UV Cut Gross,Solvent-based Acrylic,
995,mr-hobby,Mr.Color C189,C189,FFFFFF,Super Clear UV Cut Flat,Solvent-based Acrylic,
996,mr-hobby,Mr.Color C301,C301,3C434D,Gray FS36081,Solvent-based Acrylic,SemiGloss
997,mr-hobby,Mr.Color C302,C302,3D5C59,Green FS34092,Solvent-based Acrylic,SemiGloss
998,mr-hobby,Mr.Color C303,C303,55645A,Green FS34102,Solvent-based Acrylic,SemiGloss
999,mr-hobby,Mr.Color C304,C304,4A433B,Olive Drab FS34087,Solvent-based Acrylic,SemiGloss
1000,mr-hobby,Mr.Color C305,C305,4D7070,Gray FS36118,Solvent-based Acrylic,SemiGloss
1001,mr-hobby,Mr.Color C306,C306,6B888A,Gray FS36270,Solvent-based Acrylic,SemiGloss
1002,mr-hobby,Mr.Color C307,C307,6A8890,Gray FS36320,Solvent-based Acrylic,SemiGloss
1003,mr-hobby,Mr.Color C308,C308,7E9B9F,Gray FS36375,Solvent-based Acrylic,SemiGloss
1004,mr-hobby,Mr.Color C309,C309,3D5C59,Green FS34079,Solvent-based Acrylic,SemiGloss
1005,mr-hobby,Mr.Color C310,C310,766758,Brown FS30219,Solvent-based Acrylic,SemiGloss
1006,mr-hobby,Mr.Color C311,C311,E4E5CE,Gray FS36622,Solvent-based Acrylic,SemiGloss
1007,mr-hobby,Mr.Color C312,C312,428766,Green FS34227,Solvent-based Acrylic,SemiGloss
1008,mr-hobby,Mr.Color C313,C313,E4BE8A,Yellow FS33531,Solvent-based Acrylic,SemiGloss
1009,mr-hobby,Mr.Color C314,C314,E3F2E7,Blue FS35622,Solvent-based Acrylic,SemiGloss
1010,mr-hobby,Mr.Color C315,C315,93A8A3,Gray FS16440,Solvent-based Acrylic,Gloss
1011,mr-hobby,Mr.Color C316,C316,FFFFFF,White FS17875,Solvent-based Acrylic,Gloss
1012,mr-hobby,Mr.Color C317,C317,707A71,Gray FS36231,Solvent-based Acrylic,Matt
1013,mr-hobby,Mr.Color C318,C318,FECF8C,Radome,Solvent-based Acrylic,SemiGloss
1014,mr-hobby,Mr.Color C319,C319,2A7260,Light Green,Solvent-based Acrylic,SemiGloss
1015,mr-hobby,Mr.Color C320,C320,4B5D4D,Dark Green,Solvent-based Acrylic,SemiGloss
1016,mr-hobby,Mr.Color C321,C321,AF8D71,Light Brown,Solvent-based Acrylic,SemiGloss
1017,mr-hobby,Mr.Color C322,C322,313C5A,Phhthalocyanine Blue,Solvent-based Acrylic,Gloss
1018,mr-hobby,Mr.Color C323,C323,00B9F2,Light Blue,Solvent-based Acrylic,Gloss
1019,mr-hobby,Mr.Color C324,C324,87A5A3,Light Gray,Solvent-based Acrylic,Matt
1020,mr-hobby,Mr.Color C325,C325,9FABA3,Gray FS26440,Solvent-based Acrylic,SemiGloss
1021,mr-hobby,Mr.Color C326,C326,35354E,Blue FS15044,Solvent-based Acrylic,Gloss
1022,mr-hobby,Mr.Color C327,C327,9E2D33,Red FS11136,Solvent-based Acrylic,Gloss
1023,mr-hobby,Mr.Color C328,C328,313C5A,Blue FS15050,Solvent-based Acrylic,Gloss
1024,mr-hobby,Mr.Color C329,C329,F99D1C,Yellow FS13538,Solvent-based Acrylic,Gloss
1025,mr-hobby,Mr.Color C330,C330,44504F,Dark Green BS381C/641,Solvent-based Acrylic,SemiGloss
1026,mr-hobby,Mr.Color C331,C331,565E63,Dark Sea Gray BS381C/638,Solvent-based Acrylic,SemiGloss
1027,mr-hobby,Mr.Color C332,C332,8D978D,Light Aircraft Gray BS381C/627,Solvent-based Acrylic,SemiGloss
1028,mr-hobby,Mr.Color C333,C333,344F5B,Extra Drak Sea Gray BS381C/640,Solvent-based Acrylic,SemiGloss
1029,mr-hobby,Mr.Color C334,C334,809494,Barley Gray BS4800/18B21,Solvent-based Acrylic,SemiGloss
1030,mr-hobby,Mr.Color C335,C335,64797D,Medium Sea Gray BS381C/637,Solvent-based Acrylic,SemiGloss
1031,mr-hobby,Mr.Color C336,C336,6C8E72,Hemp BS4800/10B21,Solvent-based Acrylic,SemiGloss
1032,mr-hobby,Mr.Color C337,C337,48767D,Grayish Blue FS35327,Solvent-based Acrylic,SemiGloss
1033,mr-hobby,Mr.Color C338,C338,B3BBBF,Light Gray FS36495,Solvent-based Acrylic,SemiGloss
1034,mr-hobby,Mr.Color C339,C339,344F5B,Engine Gray FS16081,Solvent-based Acrylic,Gloss
1035,mr-hobby,Mr.Color C340,C340,3F5C43,Field Green FS34097,Solvent-based Acrylic,SemiGloss
1036,mr-hobby,Hobby.Color H1,H1,FFFFFF,White,Acrylic,Gloss
1037,mr-hobby,Hobby.Color H2,H2,000000,Black,Acrylic,Gloss
1038,mr-hobby,Hobby.Color H3,H3,ce2f19,Red,Acrylic,Gloss
1039,mr-hobby,Hobby.Color H4,H4,faeb53,Yellow,Acrylic,Gloss
1040,mr-hobby,Hobby.Color H5,H5,100e4d,Blue,Acrylic,Gloss
1041,mr-hobby,Hobby.Color H6,H6,021e0e,Green,Acrylic,Gloss
1042,mr-hobby,Hobby.Color H7,H7,c14021,Brown,Acrylic,Gloss
1043,mr-hobby,Hobby.Color H8,H8,c9cbc0,Silver,Acrylic,Metallic
1044,mr-hobby,Hobby.Color H9,H9,cdac44,Gold,Acrylic,Metallic
1045,mr-hobby,Hobby.Color H10,H10,ba613e,Copper,Acrylic,Metallic
1046,mr-hobby,Hobby.Color H11,H11,FFFFFF,White,Acrylic,Flat
1047,mr-hobby,Hobby.Color H12,H12,000000,Black,Acrylic,Flat
1048,mr-hobby,Hobby.Color H13,H13,d0311f,Red,Acrylic,Flat
1049,mr-hobby,Hobby.Color H14,H14,e6431d,Orange,Acrylic,Gloss
1050,mr-hobby,Hobby.Color H15,H15,161471,Bright Blue,Acrylic,Gloss
1051,mr-hobby,Hobby.Color H16,H16,3b7646,Yellow Green,Acrylic,Gloss
1052,mr-hobby,Hobby.Color H17,H17,251724,Cocoa Brown,Acrylic,Gloss
1053,mr-hobby,Hobby.Color H18,H18,020202,Steel Grey,Acrylic,Metallic
1054,mr-hobby,Hobby.Color H19,H19,ef6b80,Pink,Acrylic,Gloss
1055,mr-hobby,Hobby.Color H20,H20,FFFFFF,Clear,Acrylic,Flat
1056,mr-hobby,Hobby.Color H21,H21,fcfeef,Off White,Acrylic,Gloss
1057,mr-hobby,Hobby.Color H22,H22,474559,Grey,Acrylic,Gloss
1058,mr-hobby,Hobby.Color H23,H23,e03a1b,Shine Red,Acrylic,Gloss
1059,mr-hobby,Hobby.Color H24,H24,ec7a2c,Orange Yellow,Acrylic,Gloss
1060,mr-hobby,Hobby.Color H25,H25,195ebc,Sky Blue,Acrylic,Gloss
1061,mr-hobby,Hobby.Color H26,H26,106b44,Bright Green,Acrylic,Gloss
1062,mr-hobby,Hobby.Color H27,H27,b19654,Tan,Acrylic,Gloss
1063,mr-hobby,Hobby.Color H28,H28,141c27,Black,Acrylic,Metallic
1064,mr-hobby,Hobby.Color H29,H29,e95d3a,Salmon Pink,Acrylic,Gloss
1065,mr-hobby,Hobby.Color H30,H30,FFFFFF,Clear,Acrylic,Gloss
1066,mr-hobby,Hobby.Color H31,H31,ebf9e7,White-Green,Acrylic,Gloss
1067,mr-hobby,Hobby.Color H32,H32,121c2f,German Field Gray-1,Acrylic,Gloss
1068,mr-hobby,Hobby.Color H33,H33,561e21,Russet,Acrylic,Gloss
1069,mr-hobby,Hobby.Color H34,H34,f2c949,Cream Yellow,Acrylic,Gloss
1070,mr-hobby,Hobby.Color H35,H35,151656,Cobalt Blue,Acrylic,Gloss
1071,mr-hobby,Hobby.Color H36,H36,161e290,Dark Green,Acrylic,Gloss
1072,mr-hobby,Hobby.Color H37,H37,4e3227,Wood Brown,Acrylic,Gloss
1073,mr-hobby,Hobby.Color H38,H38,1f1926,Steel Red,Acrylic,Metallic
1074,mr-hobby,Hobby.Color H39,H39,1a1d64,Purple,Acrylic,Gloss
1075,mr-hobby,Hobby.Color H40,H40,ffffff,Base,Acrylic,Flat
1076,mr-hobby,Hobby.Color H41,H41,acd0c4,Pale Green,Acrylic,Gloss
1077,mr-hobby,Hobby.Color H42,H42,13273e,Blue Gray,Acrylic,Gloss
1078,mr-hobby,Hobby.Color H43,H43,b32f25,Wine Red,Acrylic,Gloss
1079,mr-hobby,Hobby.Color H44,H44,f1d58e,Flesh,Acrylic,SemiGloss
1080,mr-hobby,Hobby.Color H45,H45,3277c9,Light Blue,Acrylic,Gloss
1081,mr-hobby,Hobby.Color H46,H46,16725d,Emerald Green,Acrylic,Gloss
1082,mr-hobby,Hobby.Color H47,H47,33202b,Red Brown,Acrylic,Gloss
1083,mr-hobby,Hobby.Color H48,H48,1e3340,German Field Gray-2,Acrylic,Gloss
1084,mr-hobby,Hobby.Color H49,H49,4760b1,Violet,Acrylic,Gloss
1085,mr-hobby,Hobby.Color H50,H50,316b53,Lime Green,Acrylic,Gloss
1086,mr-hobby,Hobby.Color H51,H51,acb2af,Light Gull Gray,Acrylic,Gloss
1087,mr-hobby,Hobby.Color H52,H52,21282c,Olive Drab-1,Acrylic,SemiGloss
1088,mr-hobby,Hobby.Color H53,H53,3c4656,Neutral Grey,Acrylic,SemiGloss
1089,mr-hobby,Hobby.Color H54,H54,1f2f45,Navy Blue,Acrylic,SemiGloss
1090,mr-hobby,Hobby.Color H55,H55,090806,Moonlight Blue,Acrylic,Gloss
1091,mr-hobby,Hobby.Color H56,H56,192c3c,intermediate Blue,Acrylic,SemiGloss
1092,mr-hobby,Hobby.Color H57,H57,5d828e,Aircraft Grey,Acrylic,Gloss
1093,mr-hobby,Hobby.Color H58,H58,9f9742,Interior Green,Acrylic,SemiGloss
1094,mr-hobby,Hobby.Color H59,H59,191d29,IJN Green,Acrylic,Gloss
1095,mr-hobby,Hobby.Color H60,H60,152c30,IJA Green,Acrylic,SemiGloss
1096,mr-hobby,Hobby.Color H61,H61,819093,IJN Gray,Acrylic,Gloss
1097,mr-hobby,Hobby.Color H62,H62,889a8e,IJA Gray,Acrylic,SemiGloss
1098,mr-hobby,Hobby.Color H63,H63,184254,Blue-Green,Acrylic,Metallic
1099,mr-hobby,Hobby.Color H64,H64,322b27,Dark Green RLM-71,Acrylic,SemiGloss
1100,mr-hobby,Hobby.Color H65,H65,1a1927,Black Green RLM-70,Acrylic,SemiGloss
1101,mr-hobby,Hobby.Color H66,H66,5d412e,Sandy Brown RLM-79,Acrylic,SemiGloss
1102,mr-hobby,Hobby.Color H67,H67,547e8c,Light Blue RLM-65,Acrylic,SemiGloss
1103,mr-hobby,Hobby.Color H68,H68,191a2f,Dark Grey RLM-74,Acrylic,SemiGloss
1104,mr-hobby,Hobby.Color H69,H69,22343f,Grey RLM-75,Acrylic,SemiGloss
1105,mr-hobby,Hobby.Color H70,H70,747055,Grey RLM-02,Acrylic,SemiGloss
1106,mr-hobby,Hobby.Color H71,H71,544230,Middle Stone,Acrylic,SemiGloss
1107,mr-hobby,Hobby.Color H72,H72,392e2c,Dark Earth,Acrylic,SemiGloss
1108,mr-hobby,Hobby.Color H73,H73,163837,Dark Green,Acrylic,SemiGloss
1109,mr-hobby,Hobby.Color H74,H74,aec575,Duck Egg Green,Acrylic,SemiGloss
1110,mr-hobby,Hobby.Color H75,H75,babcb2,Dark Sea Gray,Acrylic,SemiGloss
1111,mr-hobby,Hobby.Color H76,H76,282f3b,Burnt Iron,Acrylic,Metallic
1112,mr-hobby,Hobby.Color H77,H77,0e0906,Tire Black,Acrylic,Flat
1113,mr-hobby,Hobby.Color H78,H78,262c29,Olive Drab(2),Acrylic,SemiGloss
1114,mr-hobby,Hobby.Color H79,H79,bc9a5d,Sandy Yellow,Acrylic,SemiGloss
1115,mr-hobby,Hobby.Color H80,H80,15242b,Khaki Green,Acrylic,Flat
1116,mr-hobby,Hobby.Color H81,H81,4f3c2d,Khaki,Acrylic,Flat
1117,mr-hobby,Hobby.Color H82,H82,3c4d4d,Dark Grey(1),Acrylic,SemiGloss
1118,mr-hobby,Hobby.Color H83,H83,25283a,Dark Grey(2),Acrylic,SemiGloss
1119,mr-hobby,Hobby.Color H84,H84,241a25,Mahogany,Acrylic,SemiGloss
1120,mr-hobby,Hobby.Color H85,H85,bba76d,Sail Color,Acrylic,Flat
1121,mr-hobby,Hobby.Color H86,H86,d5391f,Red Madder,Acrylic,Gloss
1122,mr-hobby,Hobby.Color H87,H87,a4312f,Red,Acrylic,Metallic
1123,mr-hobby,Hobby.Color H88,H88,1f3086,Blue,Acrylic,Metallic
1124,mr-hobby,Hobby.Color H89,H89,145e44,Green,Acrylic,Metallic
1125,mr-hobby,Hobby.Color H90,H90,e33b20,Clear Red,Acrylic,Gloss
1126,mr-hobby,Hobby.Color H91,H91,f9e457,Clear Yellow,Acrylic,Gloss
1127,mr-hobby,Hobby.Color H92,H92,e35f29,Clear Orange,Acrylic,Gloss
1128,mr-hobby,Hobby.Color H93,H93,1a78d5,Clear Blue,Acrylic,Gloss
1129,mr-hobby,Hobby.Color H94,H94,1f7550,Clear Green,Acrylic,Gloss
1130,mr-hobby,Hobby.Color H95,H95,e3ebde,Smoke Gray,Acrylic,Gloss
1131,mr-hobby,Hobby.Color H96,H96,baeef3,Blue Smoke,Acrylic,Gloss
1132,mr-hobby,Hobby.Color H97,H97,f3f76b,Fluo Yellow,Acrylic,Gloss
1133,mr-hobby,Hobby.Color H98,H98,e74723,Fluo Orange,Acrylic,Gloss
1134,mr-hobby,Hobby.Color H99,H99,e63e57,Fluo Pink,Acrylic,Gloss
1135,mr-hobby,Hobby.Color H100,H100,317f4e,Fluo Green,Acrylic,Gloss
1136,mr-hobby,Hobby.Color H301,H301,222b3a,Gray FS-36081,Acrylic,SemiGloss
1137,mr-hobby,Hobby.Color H302,H302,182a35,Green FS-34092,Acrylic,SemiGloss
1138,mr-hobby,Hobby.Color H303,H303,353f3d,Green FS-34102,Acrylic,SemiGloss
1139,mr-hobby,Hobby.Color H304,H304,292728,Olive Drab FS-34087,Acrylic,SemiGloss
1140,mr-hobby,Hobby.Color H305,H305,364851,Grey FS-36118,Acrylic,SemiGloss
1141,mr-hobby,Hobby.Color H306,H306,676f74,Grey FS-36270,Acrylic,SemiGloss
1142,mr-hobby,Hobby.Color H307,H307,51718a,Grey FS-36320,Acrylic,SemiGloss
1143,mr-hobby,Hobby.Color H308,H308,608ca5,Grey FS-36375,Acrylic,SemiGloss
1144,mr-hobby,Hobby.Color H309,H309,23313a,Green FS-34079,Acrylic,SemiGloss
1145,mr-hobby,Hobby.Color H310,H310,433f3c,Brown FS-30219,Acrylic,SemiGloss
1146,mr-hobby,Hobby.Color H311,H311,ecf9e8,Grey FS-36622,Acrylic,SemiGloss
1147,mr-hobby,Hobby.Color H312,H312,2f634c,Green FS-34227,Acrylic,SemiGloss
1148,mr-hobby,Hobby.Color H313,H313,dbcc6f,Yellow FS-33531,Acrylic,SemiGloss
1149,mr-hobby,Hobby.Color H314,H314,ddf1f0,Blue FS-35622,Acrylic,SemiGloss
1150,mr-hobby,Hobby.Color H315,H315,aabcaf,Gray FS-16440,Acrylic,Gloss
1151,mr-hobby,Hobby.Color H316,H316,fefffa,White FS-17875,Acrylic,Gloss
1152,mr-hobby,Hobby.Color H317,H317,494e53,Grey FS- 36231,Acrylic,Flat
1153,mr-hobby,Hobby.Color H318,H318,fdef8e,Radome,Acrylic,SemiGloss
1154,mr-hobby,Hobby.Color H319,H319,20383e,Light Green,Acrylic,SemiGloss
1155,mr-hobby,Hobby.Color H320,H320,1a2d34,Dark Green,Acrylic,SemiGloss
1156,mr-hobby,Hobby.Color H321,H321,6f7a5f,Light Brown,Acrylic,SemiGloss
1157,mr-hobby,Hobby.Color H322,H322,1c2050,Phthal O Yanne Blue,Acrylic,Gloss
1158,mr-hobby,Hobby.Color H323,H323,3e8eda,Light Blue,Acrylic,Gloss
1159,mr-hobby,Hobby.Color H324,H324,8ea3a4,Light Grey,Acrylic,Flat
1160,mr-hobby,Hobby.Color H325,H325,a7b5a7,Grey FS-26440,Acrylic,SemiGloss
1161,mr-hobby,Hobby.Color H326,H326,1d212c,Blue FS-15044,Acrylic,Gloss
1162,mr-hobby,Hobby.Color H327,H327,953527,Red FS-11136,Acrylic,Gloss
1163,mr-hobby,Hobby.Color H328,H328,20233c,Blue FS-15050,Acrylic,Gloss
1164,mr-hobby,Hobby.Color H329,H329,f0b652,Yellow FS-13538,Acrylic,Gloss
1165,mr-hobby,Hobby.Color H330,H330,182535,Dark Green BS381/C641,Acrylic,SemiGloss
1166,mr-hobby,Hobby.Color H331,H331,213244,Dark Sea Grey BS381/C638,Acrylic,SemiGloss
1167,mr-hobby,Hobby.Color H332,H332,68828f,Light Aircraft Grey BS381/C627,Acrylic,SemiGloss
1168,mr-hobby,Hobby.Color H333,H333,202d3f,Extra Dark Sea Gray BS381/C640,Acrylic,SemiGloss
1169,mr-hobby,Hobby.Color H334,H334,608099,Barley Gray BS4800/18B21,Acrylic,SemiGloss
1170,mr-hobby,Hobby.Color H335,H335,414e54,Medium Sea Gray BS381/C637,Acrylic,SemiGloss
1171,mr-hobby,Hobby.Color H336,H336,5d7a5e,Hemp BS4800/10B21,Acrylic,SemiGloss
1172,mr-hobby,Hobby.Color H337,H337,3b5f61,Grayish Blue FS-35237,Acrylic,SemiGloss
1173,mr-hobby,Hobby.Color H338,H338,bdcfcd,Light Grey FS-36495,Acrylic,SemiGloss
1174,mr-hobby,Hobby.Color H339,H339,1c293e,Engine Gray FS-16081,Acrylic,Gloss
1175,mr-hobby,Hobby.Color H340,H340,1c293e,Field Green FS-34097,Acrylic,SemiGloss
1176,mr-hobby,Hobby.Color H341,H341,C0C0C0,Mud,Acrylic,Flat
1177,mr-hobby,Hobby.Color H342,H342,C0C0C0,Oil Black,Acrylic,Gloss
1178,mr-hobby,Hobby.Color H343,H343,C0C0C0,Soot,Acrylic,Flat
1179,mr-hobby,Hobby.Color H344,H344,C0C0C0,Rust,Acrylic,Flat
1180,mr-hobby,Hobby.Color H345,H345,C0C0C0,Rough Gray,Acrylic,Flat
1181,mr-hobby,Hobby.Color H346,H346,C0C0C0,Rough Sand,Acrylic,Flat
